job_id,date_posted,source,company,title,category,raw_category,seniority,location,job_type,skills,tags_raw,salary_min_usd,salary_max_usd,salary_mid_usd,demand_index,scarcity_score,time_to_fill_days_proxy,application_volume_proxy,source_url,description_preview
raw-0001,2026-09-28,Arbeitnow API,WUP INGENIEURE,Projektleiter Lüftung (m/w/d) | Köln,Software & Engineering,Engineering,Unspecified,Cologne,,Python; JavaScript; API; Cloud,Engineering,66387,95533,80960,63.5,62,40.7,104,https://www.arbeitnow.com/jobs/companies/wup-ingenieure/projektleiter-luftung-koln-cologne-6451,"Als eine führende Ingenieurgesellschaft für technische Gebäudeausrüstung (TGA) planen und realisieren wir seit über 30 Jahren technische Anlagen für Gebäude aller Art – unter anderem von Universitäten und Lehranstalten, "
raw-0002,2026-09-28,Arbeitnow API,Doctolib,Werkstudent B2C Marketing (x/f/m),Marketing & Growth,Marketing,Internship/Student,"Berlin, Berlin",,Performance Marketing; Paid Marketing; Social Media; Video Editing; CRM,Marketing,27060,38940,33000,48.6,38,30.3,136,https://www.arbeitnow.com/jobs/companies/doctolib/werkstudent-b2c-marketing-berlin-berlin-184069,&lt;h2&gt;&lt;strong&gt;Gemeinsam gestalten wir die Gesundheitsversorgung der Zukunft&lt;/strong&gt;&lt;/h2&gt; &lt;p&gt;Doctolib sucht Dich &lt;strong&gt;ab sofort&lt;/strong&gt; als &lt;strong&gt;Werkstudent:in im Bere
raw-0003,2026-09-28,Arbeitnow API,Doctolib,Technical Onboarding Specialist - Praxissoftware (x/f/m),Software & Engineering,Operations,Unspecified,"Berlin, Berlin",,Operations; Onboarding; Sales; API,Operations,66387,95533,80960,72.3,46,33.8,125,https://www.arbeitnow.com/jobs/companies/doctolib/technical-onboarding-specialist-praxissoftware-berlin-berlin-286024,"&lt;p&gt;Du bringst Leidenschaft für Technik, Service und die Zufriedenheit unserer Kund:innen &amp;nbsp;mit -und möchtest von Anfang an Teil der Customer Journey sein? Dann bist Du hier richtig.Im Technical Onboarding b"
raw-0004,2026-09-28,Arbeitnow API,Nebius,Senior Software Engineer (Managed PostgreSQL),Data & AI,Backend,Senior/Lead,Unspecified,,Backend; Automation; AI/ML; Cloud; SQL; AI,Backend,94095,135405,114750,65.6,77,51.1,85,https://www.arbeitnow.com/jobs/companies/nebius/senior-software-engineer-managed-postgresql-165314,&lt;div class=&quot;content-intro&quot;&gt;&lt;p&gt;&lt;strong&gt;About Nebius:&lt;/strong&gt;&lt;/p&gt; &lt;p&gt;Nebius is leading a new era in cloud infrastructure for the global AI economy. We are building a full-stac
raw-0005,2026-09-28,Arbeitnow API,Nebius,Senior Site Reliability Engineer (SRE),Data & AI,SRE,Senior/Lead,Berlin,,Operations; Backend; Python; Docker; AI/ML; Cloud; CI/CD; C++; AI,SRE,94095,135405,114750,63.8,85,54.5,75,https://www.arbeitnow.com/jobs/companies/nebius/senior-site-reliability-engineer-sre-berlin-421319,&lt;div class=&quot;content-intro&quot;&gt;&lt;p&gt;&lt;strong&gt;About Nebius:&lt;/strong&gt;&lt;/p&gt; &lt;p&gt;Nebius is leading a new era in cloud infrastructure for the global AI economy. We are building a full-stac
raw-0006,2026-09-28,Arbeitnow API,Nebius,Senior Site Reliability Engineer (DevTools),Data & AI,SRE,Senior/Lead,Unspecified,,Python; AI/ML; Cloud; Java; AI,SRE,94095,135405,114750,68.4,77,51.1,85,https://www.arbeitnow.com/jobs/companies/nebius/senior-site-reliability-engineer-devtools-228902,&lt;div class=&quot;content-intro&quot;&gt;&lt;p&gt;&lt;strong&gt;About Nebius:&lt;/strong&gt;&lt;/p&gt; &lt;p&gt;Nebius is leading a new era in cloud infrastructure for the global AI economy. We are building a full-stac
raw-0007,2026-09-28,Arbeitnow API,Nebius,"Senior HPC Engineer, GPU Compute",Data & AI,System Engineers,Senior/Lead,Berlin,,Kubernetes; Automation; Security; AI/ML; Cloud; AI,System Engineers,94095,135405,114750,65.3,85,54.5,75,https://www.arbeitnow.com/jobs/companies/nebius/senior-hpc-engineer-gpu-compute-berlin-450407,&lt;div class=&quot;content-intro&quot;&gt;&lt;p&gt;&lt;strong&gt;About Nebius:&lt;/strong&gt;&lt;/p&gt; &lt;p&gt;Nebius is leading a new era in cloud infrastructure for the global AI economy. We are building a full-stac
raw-0008,2026-09-28,Arbeitnow API,Nebius,AI Full-Stack Developer,Data & AI,Chief of Staff,Unspecified,Unspecified,,JavaScript; TypeScript; Automation; Backend; Finance; Python; Design; AI/ML; Cloud; API; AI; HR,Chief of Staff,64124,92276,78200,64.3,67,42.8,98,https://www.arbeitnow.com/jobs/companies/nebius/ai-full-stack-developer-34165,&lt;div class=&quot;content-intro&quot;&gt;&lt;p&gt;&lt;strong&gt;About Nebius:&lt;/strong&gt;&lt;/p&gt; &lt;p&gt;Nebius is leading a new era in cloud infrastructure for the global AI economy. We are building a full-stac
raw-0009,2026-09-28,Arbeitnow API,Statista,(Senior) Project Manager (m/f/d),Product & Project Management,Corporate Development,Senior/Lead,Hamburg,Full Time,Operations,Corporate Development,84132,121068,102600,85.8,48,38.6,123,https://www.arbeitnow.com/jobs/companies/statista/senior-project-manager-hamburg-462734,"Bei Statista dreht sich alles um Daten und Fakten, denn wir sind die weltweit führende Business Data Plattform. Durch die Bereitstellung verlässlicher und einfach nutzbarer Daten sowie verschiedener Datenanalyseprodukte "
raw-0010,2026-09-28,Arbeitnow API,Statista,Working Student Modeled Data,Data & AI,Working students / Interns / Trainees,Internship/Student,Hamburg,Full Time,AI; Data Analytics; Data Science; Python,Working students / Interns / Trainees,38335,55165,46750,66,51,35.9,119,https://www.arbeitnow.com/jobs/companies/statista/working-student-modeled-data-hamburg-310383,"At Statista , we’re all about facts and data, for we are the world's leading business data platform. By providing reliable and easy-to-use data as well as various data analytics products and services, we empower people w"
raw-0011,2026-09-28,Arbeitnow API,SKILLs HR Experts GmbH,Bauleiter / Bauprojektmanager (m/w/d),Software & Engineering,Engineering,Senior/Lead,Hamburg,,HR,Engineering,97416,140184,118800,51.4,48,38.6,123,https://www.arbeitnow.com/jobs/companies/skills-hr-experts-gmbh/bauleiter-bauprojektmanager-hamburg-101739,"Für ein inhabergeführtes, wachsendes Ingenieursbüro sucht SKILLs einen oder eine Bauleiter(in) / Bauprojektmanager(in) (m/w/d) . Unser Mandant ist ein bundesweit agierendes Ingenieurbüro für Beratungs- und Baumanagementl"
raw-0012,2026-09-28,Arbeitnow API,ATLAS TITAN Ost GmbH,Projektingenieur Netzanschlussplanung (m/w/d),Software & Engineering,Engineering,Mid-level,Hanover,berufserfahren,Python; JavaScript; API; Cloud,Engineering,72160,103840,88000,63.5,62,40.7,104,https://www.arbeitnow.com/jobs/companies/atlas-titan-ost-gmbh/projektingenieur-netzanschlussplanung-hanover-475604,"Im Rahmen anspruchsvoller Energieprojekte werden Netzanschlüsse für Windenergie-, Photovoltaik- und Batteriespeicheranlagen geplant und technisch umgesetzt. Im Fokus stehen dabei unter anderem Umspannwerke, Kabeltrassen,"
raw-0013,2026-09-28,Arbeitnow API,Cyrus Digital GmbH,Junior Performance Marketing Manager (m/w/d) - München,Marketing & Growth,Online Marketing,Senior/Lead,Munich,berufseinstieg,Performance Marketing; REST,Online Marketing,66420,95580,81000,49,48,38.6,123,https://www.arbeitnow.com/jobs/companies/cyrus-digital-gmbh/junior-performance-marketing-manager-munchen-munich-269383,Du hast erste Berufserfahrung im Online Marketing gesammelt und möchtest dich weiterentwickeln? Dann bist du bei uns richtig. Cyrus Digital ist eine der führenden Boutique-Agenturen für Performance Marketing im E-Commerc
raw-0014,2026-09-28,Arbeitnow API,Cyrus Digital GmbH,Junior E-Commerce Manager (m/w/d) - München,Marketing & Growth,Online Marketing,Senior/Lead,Munich,berufseinstieg,Performance Marketing; REST,Online Marketing,66420,95580,81000,49,48,38.6,123,https://www.arbeitnow.com/jobs/companies/cyrus-digital-gmbh/junior-e-commerce-manager-munchen-munich-310601,Du hast erste Berufserfahrung im Online Marketing gesammelt und möchtest dich weiterentwickeln? Dann bist du bei uns richtig. Cyrus Digital ist eine der führenden Boutique-Agenturen für Performance Marketing im E-Commerc
raw-0015,2026-09-28,Arbeitnow API,Cyrus Digital GmbH,Performance Marketing Manager (m/w/d) - München,Marketing & Growth,Online Marketing,Senior/Lead,Munich,berufserfahren,Performance Marketing,Online Marketing,66420,95580,81000,48.2,48,38.6,123,https://www.arbeitnow.com/jobs/companies/cyrus-digital-gmbh/performance-marketing-manager-munchen-munich-231904,"Du hast bereits Erfahrung im Performance Marketing und willst den nächsten Schritt machen? Dann bist du bei uns richtig. Ob du bisher im Bereich Meta, Google, Creative Strategy oder allgemein im Online Marketing gearbeit"
raw-0016,2026-09-28,Arbeitnow API,Cyrus Digital GmbH,SEA Manager (m/w/d) - München,Marketing & Growth,Online Marketing,Senior/Lead,Munich,berufserfahren,Performance Marketing,Online Marketing,66420,95580,81000,48.2,48,38.6,123,https://www.arbeitnow.com/jobs/companies/cyrus-digital-gmbh/sea-manager-munchen-munich-266449,"Du hast bereits Erfahrung im Performance Marketing und willst den nächsten Schritt machen? Dann bist du bei uns richtig. Ob du bisher im Bereich Meta, Google, Creative Strategy oder allgemein im Online Marketing gearbeit"
raw-0017,2026-09-28,Arbeitnow API,Linear Service GmbH,Junior Full-Stack Developer Next.js,Software & Engineering,Software Development,Entry-level,Berlin,berufseinstieg,JavaScript; TypeScript; Frontend; Backend; Design; Cloud; React; SQL; Git; API; AI,Software Development,54120,77880,66000,61.7,54,37.2,115,https://www.arbeitnow.com/jobs/companies/linear-service-gmbh/junior-full-stack-developer-nextjs-berlin-284166,Seit der Übernahme durch die CHAPTERS Group AG im Jahr 2025 baut die Linear Service GmbH neben ihrem etablierten Kernsystem für Vereinsverwaltung und Buchhaltung ein komplett neues Cloud-Produkt auf. Das bestehende Syste
raw-0018,2026-09-28,Arbeitnow API,Kevin Kehr,"Trainee (m/w/d) im Finanzvertrieb – Karriere mit Struktur, Verantwortung und Perspektive (German Speaking)",HR & Recruitment,Remote,Entry-level,Homeoffice,"Entry, fulltime permanent",Recruitment; HR; Onboarding; Communication,Remote,34440,49560,42000,58.4,38,30.3,136,https://www.arbeitnow.com/jobs/companies/kevin-kehr/remote-trainee-im-finanzvertrieb-karriere-mit-struktur-verantwortung-und-perspektive-german-speaking-hamburg-229570,"Du suchst einen Berufseinstieg, der Vertrieb, Beratung und persönliche Entwicklung verbindet? Dann ist dieses Traineeprogramm genau das Richtige für dich. Wir suchen ambitionierte Persönlichkeiten (m/w/d), die sich im Fi"
raw-0019,2026-09-28,Arbeitnow API,Kevin Kehr,"Werkstudent (m/w/d) – Finance & Beratung (unternehmerisch, leistungsbasiert)",Finance & Business,Remote,Internship/Student,Homeoffice,"Entry, fulltime permanent",Onboarding; Finance,Remote,30668,44132,37400,67.8,38,30.3,136,https://www.arbeitnow.com/jobs/companies/kevin-kehr/remote-werkstudent-finance-beratung-unternehmerisch-leistungsbasiert-hamburg-223780,"Du studierst und willst mehr als einen „Nebenjob“? Du willst Verantwortung, klare Ziele und ein Umfeld, in dem Leistung zählt? Dann ist diese Werkstudentenrolle dein Einstieg in die Finanzberatung, mit strukturiertem Onb"
raw-0020,2026-09-28,Arbeitnow API,ANGEHEUERT GmbH,Karriereschritt für Buchhalter | Senior Accountant | Bilanzbuchhalter (m/w/d): Digitalisierung gruppeninterner Finanzprozesse,Software & Engineering,Accounting,Internship/Student,Hildesheim,"Full-time permanent, mid",Accounting; Onboarding; Finance; ERP,Accounting; high school or equivalent,39688,57112,48400,59.4,38,30.3,136,https://www.arbeitnow.com/jobs/companies/angeheuert-gmbh/karriereschritt-fur-buchhalter-senior-accountant-bilanzbuchhalter-digitalisierung-gruppeninterner-finanzprozesse-hildesheim-156516,"Finance trifft Digitalisierung. Du möchtest deine Finance Expertise einsetzen, um digitale Prozesse voranzutreiben &amp; moderne ERP Systeme aktiv mitzugestalten? Dann bist du hier richtig. Unser Kunde ist ein global eta"
raw-0021,2026-09-28,Arbeitnow API,ANGEHEUERT GmbH,Karriereschritt für Buchhalter | 🎯 Senior Accountant | Bilanzbuchhalter (m/w/d): Digitalisierung gruppeninterner Finanzprozesse,Software & Engineering,Accounting,Internship/Student,Hannover,"Full-time permanent, mid",Accounting; Onboarding; Finance; ERP,Accounting; high school or equivalent,39688,57112,48400,59.4,38,30.3,136,https://www.arbeitnow.com/jobs/companies/angeheuert-gmbh/karriereschritt-fur-buchhalter-senior-accountant-bilanzbuchhalter-digitalisierung-gruppeninterner-finanzprozesse-hannover-184358,"Finance trifft Digitalisierung. Du möchtest deine Finance Expertise einsetzen, um digitale Prozesse voranzutreiben &amp; moderne ERP Systeme aktiv mitzugestalten? Dann bist du hier richtig. Unser Kunde ist ein global eta"
raw-0022,2026-09-28,Arbeitnow API,ANGEHEUERT GmbH,Karriereschritt für Buchhalter | Senior Accountant | Bilanzbuchhalter (m/w/d): Digitalisierung gruppeninterner Finanzprozesse,Software & Engineering,Accounting,Internship/Student,Bielefeld,"Full-time permanent, mid",Accounting; Onboarding; Finance; ERP,Accounting; high school or equivalent,39688,57112,48400,59.4,38,30.3,136,https://www.arbeitnow.com/jobs/companies/angeheuert-gmbh/karriereschritt-fur-buchhalter-senior-accountant-bilanzbuchhalter-digitalisierung-gruppeninterner-finanzprozesse-bielefeld-191248,"Finance trifft Digitalisierung. Du möchtest deine Finance Expertise einsetzen, um digitale Prozesse voranzutreiben &amp; moderne ERP Systeme aktiv mitzugestalten? Dann bist du hier richtig. Unser Kunde ist ein global eta"
raw-0023,2026-09-28,Arbeitnow API,Es Group,"Werkstudent (m/w/d) MarTech, Data & Analytics",Data & AI,Unspecified,Internship/Student,Berlin,"Student, Working student, Part time",Google Analytics; CRM,,38335,55165,46750,49,43,32.5,129,https://www.arbeitnow.com/jobs/companies/es-group/werkstudent-martech-data-analytics-berlin-483298,"Deine Aufgaben Zahlen, Tools und der Blick dahinter: Du machst sichtbar, was im Marketing wirkt. Du unterstützt beim Aufbau und bei der Pflege unserer Dashboards und unseres MarTech-Stacks, hältst Marketingdaten nachvoll"
raw-0024,2026-09-28,Arbeitnow API,Es Group,Werkstudent (m/w/d) Marketing & Growth,Marketing & Growth,Marketing,Internship/Student,Berlin,"Student, Intern, Part time",Performance Marketing; Communication; Git; Social Media,Marketing; Growth Marketing; Digital Marketing; Performance Marketing; Brand Marketing; Marketing & Communications; Junior Marketing Assistant; Community Management,27060,38940,33000,53.3,38,30.3,136,https://www.arbeitnow.com/jobs/companies/es-group/werkstudent-marketing-growth-berlin-478448,"Deine Aufgaben Hier dreht sich alles um eine Frage: Wie erreichen und gewinnen wir die richtigen Kunden? Du unterstützt dabei, relevante Unternehmen auf die Eberhardt Service Group aufmerksam zu machen, Interesse auf der"
raw-0025,2026-09-28,Arbeitnow API,Es Group,Werkstudent (m/w/d) Brand & Employer Branding,Data & AI,Employer Branding,Internship/Student,Berlin,"Student, Working student, Part time",Social Media; Testing; WordPress; HR,Employer Branding; Marketing; Content Creation; Online Marketing; Brand Marketing; Marketing Analytics; Junior Marketing Assistant; Kampagnenmanagement; A/B-Testing; Social Media Management,38335,55165,46750,50,43,32.5,129,https://www.arbeitnow.com/jobs/companies/es-group/werkstudent-brand-employer-branding-berlin-172846,"Deine Aufgaben Eine Arbeitgebermarke von Grund auf mitgestalten, während sich das ganze Unternehmen neu aufstellt: Genau das machst du hier. Du arbeitest an der Schnittstelle von Marketing und HR/Talent Acquisition: Du m"
raw-0026,2026-09-28,Arbeitnow API,Es Group,Head of AI & Data (m/w/d),Data & AI,Head of Artificial Intelligence,Senior/Lead,Berlin,"Experienced, Permanent, Full time",AI; Data Engineering; Data Science; Git; Generative AI; Python,Head of Artificial Intelligence; Head of Data Science; Head of Data & Analytics; Director of AI & Data; Head of Data Engineering; Leiter Data & KI; AI Strategy Lead; Head of Digital & Data; Digitale Transformation; KI-Roadmap / Data-Roadmap; Nachweisbare Erfolge in KI-/Datenprojekten,94095,135405,114750,60.9,77,51.1,85,https://www.arbeitnow.com/jobs/companies/es-group/head-of-ai-data-berlin-316950,"Deine Aufgaben Die Eberhardt Service Group steht für modernes, nachhaltiges Facility Management und die kontinuierliche Weiterentwicklung unserer Leistungen. Digitalisierung, künstliche Intelligenz und die intelligente N"
raw-0027,2026-09-28,Arbeitnow API,Es Group,Chief of Staff - Stragegie & Operations (m/w/d),Product & Project Management,Unspecified,Senior/Lead,Berlin,"Experienced, Permanent, Full time",Operations,,84132,121068,102600,85.8,48,38.6,123,https://www.arbeitnow.com/jobs/companies/es-group/chief-of-staff-stragegie-operations-berlin-408976,Deine Aufgaben Als Chief of Staff (m/w/d) arbeitest du unmittelbar mit unserer Geschäftsführung zusammen und übernimmst eine zentrale Rolle bei der Steuerung und Weiterentwicklung der Eberhardt Service Group. Du bringst 
raw-0028,2026-09-28,Arbeitnow API,Revel8,AI Innovation Engineer - IT Security (all genders),Software & Engineering,Unspecified,Mid-level,Munich,"Experienced, Permanent, Full time",Cybersecurity; Communication; Security; Research; AI,,72160,103840,88000,66.8,54,37.2,115,https://www.arbeitnow.com/jobs/companies/revel8/ai-innovation-engineer-it-security-all-genders-munich-266288,"Our mission We're on a mission to create 10 million human firewalls! At revel8, we redefine cybersecurity training with hyper-realistic simulations that reflect today's evolving attack landscape. Our innovative platform "
raw-0029,2026-09-28,Arbeitnow API,Talentspring Academy,Praktikant Business Building & AI Automation (m/w/d) – Digital Education mit Impact,Data & AI,business building,Internship/Student,Berlin,"Entry, Intern, Full time",Automation; AI; Operations; Sales; CRM,business building; automation; intern; ai; ki,38335,55165,46750,76.1,43,32.5,129,https://www.arbeitnow.com/jobs/companies/talentspring-academy/praktikant-business-building-ai-automation-digital-education-mit-impact-berlin-327491,"Über uns – Talentspring Academy Group Was passiert, wenn Millionen Menschen nicht mithalten können – aber die Arbeitswelt längst weiterzieht? Über 6 Millionen Menschen in Deutschland verfügen über keinen anerkannten Beru"
raw-0030,2026-09-28,Arbeitnow API,Apoprojekt,Werkstudent Planung (all genders),Design & UX,Unspecified,Internship/Student,Frankfurt,"Student, Intern, Part time",Design,,27962,40238,34100,75.6,38,30.3,136,https://www.arbeitnow.com/jobs/companies/apoprojekt/werkstudent-planung-all-genders-frankfurt-36713,WAS DU VON UNS ERWARTEN KANNST apoprojekt ist Partner für jeden Transformationsbedarf im Bestand und eines der dynamischsten Unternehmen der Bau- und Immobilienbranche. Seit unserer Gründung 2007 sind wir von einem Zwei-
raw-0031,2026-09-28,Arbeitnow API,Impower,Product Designer (m/f/d),Software & Engineering,Unspecified,Mid-level,Remote Germany,"Experienced, Permanent, Part time",Communication; Accounting; Design; Cloud; Figma; Video Editing; SaaS; ERP; AI,,72160,103840,88000,63.8,46,33.8,125,https://www.arbeitnow.com/jobs/companies/impower/remote-product-designer-449265,"Introduction Location: Remote Germany or hybrid in Cluj (Romania) Please note that a portfolio is mandatory for this position. Applications submitted without a portfolio will not be considered. At Impower GmbH, we are sh"
raw-0032,2026-09-28,Arbeitnow API,Phineo,Senior Berater*in und Programm-Manager*in Kooperationen & Collective Impact (m/w/d),Product & Project Management,Beratung,Senior/Lead,Berlin,"Experienced, Temporary, Full or part time",Product Management; Project Management; Agile; Stakeholder Management,Beratung; Kooperationen; Collective Impact,84132,121068,102600,47.8,48,38.6,123,https://www.arbeitnow.com/jobs/companies/phineo/senior-beraterin-und-programm-managerin-kooperationen-collective-impact-berlin-123777,"Dein neuer Job Unsere Vision ist eine offene, nachhaltige und friedliche Gesellschaft, in der Gutes tun mit Wirkung das gemeinsame Handeln leitet. Um dazu unseren Beitrag zu leisten, haben wir PHINEO als gemeinnützige Pl"
raw-0033,2026-09-28,Arbeitnow API,Ba Tax Gmbh,Steuerfachangestellter oder Fachinformatiker (m/w/d) Schwerpunkt Kanzleiorganisation & DATEV,Software & Engineering,DATEV,Mid-level,Hamburg,"Experienced, Permanent, Full or part time",AI; Cloud; ERP,DATEV; Steuerfachangestellter; Steuerfachangestellte; Kanzleiorganisation; KOB; FAIT; IT; Systembetreuung; Fachinformatiker,72160,103840,88000,77.7,46,33.8,125,https://www.arbeitnow.com/jobs/companies/ba-tax-gmbh/steuerfachangestellter-oder-fachinformatiker-schwerpunkt-kanzleiorganisation-datev-hamburg-339168,"Das erwartet dich Zahlen sind Deine Sprache, DATEV Dein Zuhause und Prozesse dürfen bei Dir gerne auch mal neu gedacht werden? Dann suchen wir genau Dich. Bei ba tax denken wir Kanzleiarbeit anders: digital, unkomplizier"
raw-0034,2026-09-28,Arbeitnow API,Promos Consult Gmbh,"Senior SAP Consultant (m/w/d) - Real Estate Management (RE, RE-FX)",Software & Engineering,Unspecified,Senior/Lead,Berlin,"Experienced, Permanent, Full or part time",ERP; SAP,,97416,140184,118800,50.2,48,38.6,123,https://www.arbeitnow.com/jobs/companies/promos-consult-gmbh/senior-sap-consultant-real-estate-management-re-re-fx-berlin-472297,"Your mission der Beratung unserer Kundinnen und Kunden bei der Einführung von immobilienwirtschaftlichen Lösungen basierend auf SAP ERP und PROMOS Softwareprodukten, Analyse-, Entwicklungs- und Implementierungsaufgaben i"
raw-0035,2026-09-28,Arbeitnow API,Dida,"Werkstudent*in Business Development (all genders) - Hybrid, Berlin",Data & AI,Berlin | Teilzeit | Werkstudent | Start ab sofort,Internship/Student,Berlin,"Entry, Working student, Part time",Machine Learning; Startup; Sales; CRM,Berlin | Teilzeit | Werkstudent | Start ab sofort,38335,55165,46750,59.2,51,35.9,119,https://www.arbeitnow.com/jobs/companies/dida/werkstudentin-business-development-all-genders-hybrid-berlin-381291,"Unsere Mission dida entwickelt individuelle Machine-Learning-Software für Industrie-Kunden, darunter Siemens, Deutsche Bahn, idealo, klöckner.i und Enpal. Unser Team besteht überwiegend aus Machine Learning Scientists, v"
raw-0036,2026-09-28,Arbeitnow API,Dida,"AI Consultant (all genders) - Hybrid, Berlin/Frankfurt",Data & AI,AI Consultant,Mid-level,Berlin,"Experienced, Permanent, Full or part time",AI; Machine Learning; Data Science; Python; Sales; ERP; Research,AI Consultant; AI Consulting; Machine Learning; Artificial Intelligence; Data Science; Pre-Sales; Solution Architect; Technical Consultant; ML Consulting; Python; Enterprise AI; Workshop Facilitation; Berlin; Frankfurt; Hybrid; Consulting; Technology Consulting; AI Strategy,69700,100300,85000,65,59,39.4,108,https://www.arbeitnow.com/jobs/companies/dida/ai-consultant-all-genders-hybrid-berlin-frankfurt-47890,"Your mission Bringing ML research into application dida builds custom machine learning software for industrial and enterprise clients, among them Siemens, Deutsche Bahn, idealo, klöckner.i and Enpal, and has received the"
raw-0037,2026-09-28,Arbeitnow API,Aok Connect,Werkstudent*in Review Management & Feedbackanalyse (m/w/d),Product & Project Management,Kundenreaktionen,Internship/Student,Berlin,"Student, Working student, Part time",Excel,Kundenreaktionen; Kundenfeedback; Rezension,34276,49324,41800,50.6,38,30.3,136,https://www.arbeitnow.com/jobs/companies/aok-connect/werkstudentin-review-management-feedbackanalyse-berlin-192363,"Bewerbungsfrist Donnerstag, 01. Oktober 2026 So gestaltest du mit Wir suchen Verstärkung für unser Team im Review Management: Du beantwortest Rezensionen, wertest Nutzer*innenfeedback aus und machst wiederkehrende Anlieg"
raw-0038,2026-09-28,Arbeitnow API,Holy,Logistics Manager - Retail & D2C (m/f/d),Marketing & Growth,Unspecified,Senior/Lead,Berlin,"Experienced, Permanent, Full time",Customer Service; Operations; Sales,,66420,95580,81000,70.6,48,38.6,123,https://www.arbeitnow.com/jobs/companies/holy/logistics-manager-retail-d2c-berlin-473608,"About HOLY HOLY is the soft drink revolution: With our product lines Energy®, Iced Tea®, Hydration®, Milkshake®, and our newest innovation, the HOLY Syrup Bottle® you get amazing taste across 50+ flavors while maintainin"
raw-0039,2026-09-28,Arbeitnow API,BBDO Germany,Senior Project Manager Digital Plattform Automotive (m/w/d),Marketing & Growth,Projectmanagement,Senior/Lead,Hamburg,"Experienced, Permanent, Full time",Git,Projectmanagement; Digital; Plattform; Automotive,66420,95580,81000,48.2,48,38.6,123,https://www.arbeitnow.com/jobs/companies/bbdo-germany/senior-project-manager-digital-plattform-automotive-hamburg-200091,Deine Aufgaben Über die Rolle Wir suchen dich als Senior Project Manager für unseren großen Kunden aus dem Automobilbereich am Standort Hamburg. Da du intern wie extern die kommunikativen Fäden in der Hand hältst und dir
raw-0040,2026-09-28,Arbeitnow API,Mendix,Senior Mendix Engineer,Software & Engineering,R&D,Senior/Lead,Munich,Full-time,Generative AI; Marketplace; JavaScript; TypeScript; Python; Cloud; Agile; Java; Git; AI,R&D,97416,140184,118800,60,72,49,91,https://www.arbeitnow.com/jobs/companies/mendix/senior-mendix-engineer-munich-347242,Mendix – the leading low-code&nbsp;agentic&nbsp;enterprise&nbsp;platform: &nbsp; The Mendix Platform uses visual&nbsp;modeling&nbsp;to abstract long-form coding out of&nbsp;agent &amp;&nbsp;application development. Our c
raw-0041,2026-09-28,Arbeitnow API,Right Search,Senior AI Engineer | Construction Tech (w/m/d),Data & AI,IT,Senior/Lead,Munich,berufserfahren,Python; Design; AI/ML; Azure; Sales; SaaS; NLP; AI,IT,94095,135405,114750,64.7,85,54.5,75,https://www.arbeitnow.com/jobs/companies/right-search/senior-ai-engineer-construction-tech-munich-367941,"Senior AI Engineer – Construction Tech (w/m/d) München – Hybrid, €80.000 – €100.000 Jahresgehalt, 26–30 Urlaubstage WICHTIG: Wer ausschließlich remote arbeiten will, ist hier falsch. Du willst nicht einfach irgendeinen C"
raw-0042,2026-09-28,Arbeitnow API,We Love X GmbH,SEO Lead (f/m/d),Marketing & Growth,Remote,Senior/Lead,Berlin,professional / experienced,Communication; Research; Startup; SEO,Remote; Marketing and Communication,66420,95580,81000,56.8,48,38.6,123,https://www.arbeitnow.com/jobs/companies/we-love-x-gmbh/seo-lead-berlin-332971,About the Job We're looking for an SEO Lead to take ownership of our affiliate portfolio and scale it. You'll work with some of the biggest publishers in the world and have a direct impact on revenue. You'll drive SEO st
raw-0043,2026-09-28,Arbeitnow API,Decathlontechnology,Data Product Manager - Finance FP&A (f/m/d),Data & AI,Data,Senior/Lead,"Lille - Jardin des Plantes, Nord; Paris, Paris",,Product Management; Finance; AI,Data,94095,135405,114750,75.6,53,40.8,116,https://www.arbeitnow.fr/jobs/companies/decathlontechnology/data-product-manager-finance-fpa-lille-jardin-des-plantes-nord-paris-paris-188997,&lt;h3&gt;&lt;strong&gt;Notre équipe Finance Data recherche un·e Product Manager basé·e à Lille ou Paris.&amp;nbsp;&lt;/strong&gt;&lt;/h3&gt; &lt;p id=&quot;p-rc_6904b8d41c6c975f-334&quot; data-path-to-node=&quot;17&quot
raw-0044,2026-09-28,Arbeitnow API,Decathlontechnology,Android Software Engineer,Software & Engineering,Engineering,Unspecified,"Lille - Btwin Village, Nord",,Android; Design,Engineering,66387,95533,80960,61.1,38,30.3,136,https://www.arbeitnow.fr/jobs/companies/decathlontechnology/android-software-engineer-lille-btwin-village-nord-128249,&lt;h3&gt;&lt;/h3&gt; &lt;h3 data-path-to-node=&quot;4&quot;&gt;Notre équipe&lt;strong data-path-to-node=&quot;4&quot; data-index-in-node=&quot;6&quot;&gt;&amp;nbsp;&lt;/strong&gt;&lt;strong&gt;Digital Sports&lt;/strong&
raw-0045,2026-09-28,Arbeitnow API,Decathlontechnology,AI engineer (AI & GenAI) - People Domain,Software & Engineering,Data,Unspecified,"Paris, Paris",,AI,Data,66387,95533,80960,100,38,30.3,136,https://www.arbeitnow.fr/jobs/companies/decathlontechnology/ai-engineer-ai-genai-people-domain-paris-paris-12733,"&lt;p&gt;Dans le cadre de l’ouverture d’un poste en CDI, nous recrutons un.e &lt;strong&gt;AI engineer&lt;/strong&gt;, basé-e au choix à Paris.&lt;/p&gt; &lt;h3&gt;&amp;nbsp;&lt;/h3&gt; &lt;p&gt;🚀 CONTEXTE &amp;amp; ENJ"
raw-0046,2026-09-28,Arbeitnow API,Cohere,Solutions Architect,Software & Engineering,Revenue,Unspecified,Paris,Full Time,Security; Design; AI,Revenue,66387,95533,80960,81.1,46,33.8,125,https://www.arbeitnow.fr/jobs/companies/cohere/solutions-architect-paris-54179,Who are we? Cohere is the leading security-first enterprise AI company. We build cutting-edge foundation AI models and end-to-end products that are designed to solve real-world business problems. We’re training and deplo
raw-0047,2026-09-28,Arbeitnow API,Interlead GmbH,Junior Account Manager (m/w/d),Marketing & Growth,Remote,Senior/Lead,Berlin,berufserfahren,Customer Service; Onboarding; CRM,Remote; Customer Service,66420,95580,81000,55.8,48,38.6,123,https://www.arbeitnow.com/jobs/companies/interlead-gmbh/junior-account-manager-berlin-128453,Was wir suchen Werde unsere Stimme &#x26; Schnittstelle zu den Partnern! Wir suchen dich als Junior Account Manager (m/w/d) : Dein Job mit viel Kommunikation &#x26; Organisation; zu 100 % aus dem Home-Office oder bei uns
raw-0048,2026-09-28,Arbeitnow API,Modulist GmbH,Automatisierungsingenieur (m/w/d),Software & Engineering,Remote,Mid-level,Berlin,berufserfahren,WordPress; API; AI,Remote; IT,72160,103840,88000,72.7,46,33.8,125,https://www.arbeitnow.com/jobs/companies/modulist-gmbh/automatisierungsingenieur-berlin-85372,"Wir bei Modulist helfen Logistikunternehmen und mittelständischen Betrieben dabei, ihre Prozesse durch maßgeschneiderte Softwarelösungen, Vibe-Coding-Anwendungen und digitale Automatisierungen effizienter zu gestalten. W"
raw-0049,2026-09-28,Arbeitnow API,dokSAFE GmbH,Customer Support Specialist (m/w/d),Software & Engineering,IT,Unspecified,Leipzig,,Onboarding; SaaS; API; CRM,IT,66387,95533,80960,57.4,46,33.8,125,https://www.arbeitnow.com/jobs/companies/doksafe-gmbh/customer-support-specialist-leipzig-67205,"Die dokSAFE GmbH ist ein Leipziger Softwareunternehmen, das sich auf die Entwicklung der SaaS-Lösung Actaport spezialisiert hat. Wir arbeiten gemeinsam daran, mit unserer Kanzleisoftware die Arbeitswelt in der Anwaltskan"
raw-0050,2026-09-28,Arbeitnow API,Right Search,Chief Technology Officer | Customer-Centric Business Development | FinTech (w/m/d),Data & AI,Remote,Senior/Lead,Vaterstetten,teamleitung,Azure; Cloud; Sales; REST; AWS; GCP; API; AI,Remote; Applications Administration,94095,135405,114750,63,93,58,64,https://www.arbeitnow.com/jobs/companies/right-search/chief-technology-officer-customer-centric-business-development-fintech-vaterstetten-223417,"Chief Technology Officer (CTO) – Customer-Centric Business Development / FinTech (w/m/d) Deutschland – Remote-first, flexible Arbeitszeiten, 90.000 € – 120.000 € Jahresgehalt, 28 Urlaubstage + 24./31.12. frei Du willst n"
raw-0051,2026-09-28,Arbeitnow API,Modulist GmbH,Werkstudent Marketing & Lead Generation (m/w/d),Software & Engineering,Remote,Internship/Student,Berlin,"Working student, hilfstätigkeit / student",Social Media; Design; Sales,Remote; Online Marketing,39688,57112,48400,66.7,38,30.3,136,https://www.arbeitnow.com/jobs/companies/modulist-gmbh/werkstudent-marketing-lead-generation-berlin-411074,"Wir bei Modulist helfen Logistikunternehmen und mittelständischen Betrieben dabei, ihre Prozesse durch maßgeschneiderte Softwarelösungen und Automatisierungen effizienter zu gestalten. Wir arbeiten zu 100 % remote, mit f"
raw-0052,2026-09-28,Arbeitnow API,Insignion Management Consulting GmbH,SAP Junior Full Stack Developer (m/w/d) SAP HCM | SAP SuccessFactors | SAP BTP,Software & Engineering,SAP/ERP Consulting,Entry-level,Frankfurt am Main,berufseinstieg,ERP; SAP; JavaScript; TypeScript; Full Stack; Automation; Frontend; Node.js; Backend; Cloud; Java; AI,SAP/ERP Consulting; Development,54120,77880,66000,57.9,46,33.8,125,https://www.arbeitnow.com/jobs/companies/insignion-management-consulting-gmbh/sap-junior-full-stack-developer-sap-hcm-sap-successfactors-sap-btp-frankfurt-am-main-1538,"Dein Einstieg in die SAP HR Tech Welt! Du willst nicht nur Code schreiben, sondern auch verstehen, wie HR-Prozesse in großen Unternehmen wirklich funktionieren? Dann starte bei uns als SAP Junior Full Stack Developer und"
raw-0053,2026-09-28,Arbeitnow API,Plunet GmbH,Professional Backend Developer,Software & Engineering,Software Development,Mid-level,Würzburg,,Onboarding; Security; Backend; Design; Java; SQL; API,Software Development,72160,103840,88000,59.1,62,40.7,104,https://www.arbeitnow.com/jobs/companies/plunet-gmbh/professional-backend-developer-wurzburg-446800,"Wer Du bist Du hast 3-5 Jahre Erfahrung im Java-Stack und beherrschst Spring Boot souverän. Du entwickelst komplexe Features eigenständig von der Konzeption bis zum Release, denkst analytisch und trägst aktiv zu Architek"
raw-0054,2026-09-28,Arbeitnow API,F& | Focus & Flow GmbH,(Senior) Berater:in für wirksame Transformation (m/w/d),Product & Project Management,Business Consulting,Senior/Lead,Türkheim,berufserfahren,Product Management; Project Management; Agile; Stakeholder Management,Business Consulting,84132,121068,102600,47.8,48,38.6,123,https://www.arbeitnow.com/jobs/companies/f-focus-flow-gmbh/senior-beraterin-fur-wirksame-transformation-turkheim-270814,"TRANSFORMATION PASSIERT NICHT IM BESPRECHUNGSRAUM. Du willst Veränderung nicht nur konzipieren, sondern dafür sorgen, dass sie in der Organisation ankommt? Dann schnür‘ die Sicherheitsschuhe. Denn wir beraten dort, wo Tr"
raw-0055,2026-09-28,Arbeitnow API,Kryptos Technologies limited,Technical Business analyst/Delivery Manager ( Media & Broadcast),Software & Engineering,IT,Senior/Lead,London,"Contract, manager",Stakeholder Management; Communication; Operations; Design; Azure; Agile; Scrum,IT,97416,140184,118800,59.2,56,42.1,112,https://www.arbeitnow.co.uk/jobs/companies/kryptos-technologies-limited/technical-business-analyst-delivery-manager-media-broadcast-london-163587,Tasks Technical Business Analyst / Delivery Manager (Media &#x26; Broadcast) Location: London ( 3 days onsite and 2 days remote per week) 12months contract with possible extension Role Summary We are seeking an experienc
raw-0056,2026-09-28,Arbeitnow API,TransPerfect,English Language Instructor,Marketing & Growth,Unspecified,Mid-level,"Paris, Île-de-France, France","Experienced, temporary",SEO; Google Analytics; Paid Marketing; Content Strategy,,49200,70800,60000,46.3,38,30.3,136,https://www.arbeitnow.fr/jobs/companies/transperfect/english-language-instructor-paris-421189,"Company&nbsp; TransPerfect Language &amp; Cultural Training is part of the TransPerfect solutions, the world’s largest language service and technology solutions provider for global businesses with offices in more than 10"
raw-0057,2026-09-28,Arbeitnow API,TransPerfect,Account Manager,Software & Engineering,Sales,Senior/Lead,"Paris, Île-de-France, France","Entry, fulltime permanent",Sales; Communication; Video Editing; SEO,Sales,97416,140184,118800,61.5,48,38.6,123,https://www.arbeitnow.fr/jobs/companies/transperfect/account-manager-paris-71655,"Do you want to work for the global leader in the language services and technology industry? Are you interested in helping international brands/organisations find and implement solutions that allow them to communicate, op"
raw-0058,2026-09-28,Arbeitnow API,TransPerfect,Account Manager,Software & Engineering,Sales,Senior/Lead,"Paris, Île-de-France, France","Entry, fulltime permanent",Sales; Communication; Video Editing; SEO,Sales,97416,140184,118800,61.5,48,38.6,123,https://www.arbeitnow.fr/jobs/companies/transperfect/account-manager-paris-238998,"Do you want to work for the global leader in the language services and technology industry? Are you interested in helping international brands/organisations find and implement solutions that allow them to communicate, op"
raw-0059,2026-09-28,Arbeitnow API,TransPerfect,Account Manager,Software & Engineering,Sales,Senior/Lead,"Paris, Île-de-France, France","Entry, fulltime permanent",Sales; Communication; Video Editing; SEO,Sales,97416,140184,118800,61.5,48,38.6,123,https://www.arbeitnow.fr/jobs/companies/transperfect/account-manager-paris-296197,"Do you want to work for the global leader in the language services and technology industry? Are you interested in helping international brands/organisations find and implement solutions that allow them to communicate, op"
raw-0060,2026-09-28,Arbeitnow API,TransPerfect,Japanese Language Trainer,Marketing & Growth,Unspecified,Mid-level,"Paris, Île-de-France, France","Experienced, temporary",SEO; Google Analytics; Paid Marketing; Content Strategy,,49200,70800,60000,46.3,38,30.3,136,https://www.arbeitnow.fr/jobs/companies/transperfect/japanese-language-trainer-paris-444502,"Company TransPerfect Language &amp; Cultural Training is part of the TransPerfect solutions, the world’s largest language service and technology solutions provider for global businesses with offices in more than 100 citi"
raw-0061,2026-09-28,Arbeitnow API,Aircall,Strategic Partner Account Manager DACH,Software & Engineering,11002 - Partnerships,Senior/Lead,Paris Office,Permanent Full Time Employee,Recruitment; Onboarding; Sales; AI,11002 - Partnerships,97416,140184,118800,75,48,38.6,123,https://www.arbeitnow.fr/jobs/companies/aircall/strategic-partner-account-manager-dach-paris-office-230134,"Aircall is a unicorn, AI-powered customer communications platform used by 22,000+ companies worldwide to drive revenue, resolve issues faster, and scale customer-facing teams. We’re redefining customer communications by "
raw-0062,2026-09-28,Arbeitnow API,Aircall,"Regional Marketing Intern, DACH Market",Software & Engineering,11003 - Demand Generation,Internship/Student,Paris Office,Internship,Operations; SaaS; AI,11003 - Demand Generation,39688,57112,48400,82.4,38,30.3,136,https://www.arbeitnow.fr/jobs/companies/aircall/regional-marketing-intern-dach-market-paris-office-115819,"Aircall is a unicorn, AI-powered customer communications platform used by 22,000+ companies worldwide to drive revenue, resolve issues faster, and scale customer-facing teams. We’re redefining customer communications by "
raw-0063,2026-09-28,Arbeitnow API,Aircall,Account Manager,Software & Engineering,12004 - Success,Senior/Lead,Paris Office,Permanent Full Time Employee,AI,12004 - Success,97416,140184,118800,100,48,38.6,123,https://www.arbeitnow.fr/jobs/companies/aircall/account-manager-paris-office-24528,"Aircall is a unicorn, AI-powered customer communications platform used by 22,000+ companies worldwide to drive revenue, resolve issues faster, and scale customer-facing teams. We’re redefining customer communications by "
raw-0064,2026-09-28,Arbeitnow API,Workidentity,Senior SAP EWM Consultant / Solution Design (m/w/d),Design & UX,SAP,Senior/Lead,Remote,"Experienced, Permanent, Full time",SAP; Design,SAP; EWM,68634,98766,83700,62.3,48,38.6,123,https://www.arbeitnow.fr/jobs/companies/workidentity/remote-senior-sap-ewm-consultant-solution-design-11135,"Einleitung Gestalte Logistikprozesse von morgen, statt sie nur umzusetzen Du möchtest mehr als Customizing und Tickets? Dann könnte diese Rolle genau der nächste Karriereschritt für dich sein.Unser Auftraggeber ist ein s"
raw-0065,2026-09-28,Arbeitnow API,Workidentity,Senior SAP Consultant EWM (m/w/d),HR & Recruitment,Unspecified,Senior/Lead,Remote,"Experienced, Permanent, Full time",SAP,,61992,89208,75600,49,48,38.6,123,https://www.arbeitnow.fr/jobs/companies/workidentity/remote-senior-sap-consultant-ewm-390111,"Einleitung Gestalte die Logistik von morgen Du möchtest Unternehmen dabei unterstützen, ihre Logistikprozesse auf das nächste Level zu heben? Für ein modernes Beratungsunternehmen mit Fokus auf digitale Transformation un"
raw-0066,2026-09-28,Arbeitnow API,Workidentity,Senior Consultant SAP S/4HANA Sourcing & Procurement (w/m/d),Cybersecurity & IT,SAP,Senior/Lead,Remote,"Experienced, Permanent, Full time",Cloud; SAP,SAP; Public Cloud; Procurement,88560,127440,108000,60.3,61,44.2,106,https://www.arbeitnow.fr/jobs/companies/workidentity/remote-senior-consultant-sap-s-4hana-sourcing-procurement-430597,Einleitung Gestalte die digitale Beschaffung von morgen Unser Mandant zählt zu den innovativen Beratungshäusern im SAP-Umfeld und begleitet namhafte Unternehmen auf ihrem Weg in die Cloud. Mit einem klaren Fokus auf mode
raw-0067,2026-09-28,Arbeitnow API,Workidentity,(Senior) SAP Integrationsberater:in (m/w/d),Software & Engineering,SAP,Senior/Lead,Remote,"Experienced, Permanent, Full time",SAP; REST,SAP; CPI; BTP,97416,140184,118800,49.4,48,38.6,123,https://www.arbeitnow.fr/jobs/companies/workidentity/remote-senior-sap-integrationsberaterin-301808,"Einleitung Unser Auftraggeber ist ein wachstumsorientiertes IT-Beratungsunternehmen mit Fokus auf moderne Integrationslösungen in komplexen Systemlandschaften. Hier treffen technologische Exzellenz, praxisnahe Kundenbera"
raw-0068,2026-09-28,Arbeitnow API,VO2 Group,[VO2 Finance] - Développeur fullstack C# / angular,Software & Engineering,VO2 Finance,Unspecified,"Paris, France",CDI,Finance; Full Stack; Agile; API; C#,VO2 Finance,66387,95533,80960,54.3,54,37.2,115,https://www.arbeitnow.fr/jobs/companies/vo2-group/vo2-finance-developpeur-fullstack-c-angular-paris-france-42191,"🌟&nbsp; VO2 GROUP : Leader français indépendant en conseil Tech et Digital Entre conseil stratégique et réalisation technologique, nous cultivons un esprit ""boutique"" : de l'excellence, de l'humain et une forte culture "
raw-0069,2026-09-28,Arbeitnow API,VO2 Group,[VO2 Finance] - Développeur C# Junior – Trading Électronique / Front-Office CIB,Software & Engineering,VO2 Finance,Entry-level,"Paris, France",CDI,Finance; Sales; C#,VO2 Finance,54120,77880,66000,63.9,38,30.3,136,https://www.arbeitnow.fr/jobs/companies/vo2-group/vo2-finance-developpeur-c-junior-trading-electronique-front-office-cib-paris-france-381923,"🌟&nbsp; VO2 GROUP : Leader français indépendant en conseil Tech et Digital Entre conseil stratégique et réalisation technologique, nous cultivons un esprit ""boutique"" : de l'excellence, de l'humain et une forte culture "
raw-0070,2026-09-28,Arbeitnow API,VO2 Group,[VO2 Finance] - Développeur C# Confirmé – Trading Électronique / Front-Office CIB,Software & Engineering,VO2 Finance,Unspecified,"Paris, France",CDI,Finance; Sales; C#,VO2 Finance,66387,95533,80960,63.9,38,30.3,136,https://www.arbeitnow.fr/jobs/companies/vo2-group/vo2-finance-developpeur-c-confirme-trading-electronique-front-office-cib-paris-france-430395,"🌟&nbsp; VO2 GROUP : Leader français indépendant en conseil Tech et Digital Entre conseil stratégique et réalisation technologique, nous cultivons un esprit ""boutique"" : de l'excellence, de l'humain et une forte culture "
raw-0071,2026-09-28,Arbeitnow API,VO2 Group,[VO2 Finance] - Data Analyst Finance / abus de marché,Software & Engineering,VO2 Finance,Unspecified,"Paris, France",CDI,Finance,VO2 Finance,66387,95533,80960,69.3,38,30.3,136,https://www.arbeitnow.fr/jobs/companies/vo2-group/vo2-finance-data-analyst-finance-abus-de-marche-paris-france-203167,"🌟&nbsp; VO2 GROUP : Leader français indépendant en conseil Tech et Digital Entre conseil stratégique et réalisation technologique, nous cultivons un esprit ""boutique"" : de l'excellence, de l'humain et une forte culture "
raw-0072,2026-09-28,Arbeitnow API,Winkler & Company,Testkunde / Online-Testkäufer (m/w/d) - Nebenjob - flexibel von Zuhause arbeiten,Software & Engineering,Remote,Unspecified,Leipzig,Side,Communication,Remote; Marketing and Communication,66387,95533,80960,69.3,38,30.3,136,https://www.arbeitnow.com/jobs/companies/winkler-company/testkunde-online-testkaufer-nebenjob-flexibel-von-zuhause-arbeiten-leipzig-356583,"Möchtest du flexibel arbeiten - ohne Pendelwege und in deinen eigenen vier Wänden? Wir bieten dir die Möglichkeit, als Testperson für Testees - eine der führenden Online-Marktforschungsplattformen deutschlandweit - tätig"
raw-0073,2026-09-28,Arbeitnow API,Busch PROtective Germany GmbH & Co. KG,Verfahrensmechaniker für Kunststoff- und Kautschuktechnik / Kunststofftechnologe (m/w/d),Software & Engineering,Process Engineering,Mid-level,Gütersloh,,Python; JavaScript; API; Cloud,Process Engineering,72160,103840,88000,63.5,62,40.7,104,https://www.arbeitnow.com/jobs/companies/busch-protective-germany-gmbh-co-kg/verfahrensmechaniker-fur-kunststoff-und-kautschuktechnik-kunststofftechnologe-gutersloh-499920,"Seit mehr als 40 Jahren ist das Familienunternehmen Busch PROtective Germany GmbH &#x26; Co KG ein Synonym für Qualität. Mit unseren Kernprodukten, Helme für den professionellen Bereich, gehören wir zu den Top-Anbietern "
raw-0074,2026-09-28,Arbeitnow API,Neurochirurgie Frankfurt am Zoo,MFA (m/w/d) in einem starken Team,Product & Project Management,HR,Mid-level,Frankfurt am Main,"Contract, berufserfahren",HR,HR,62320,89680,76000,51.3,38,30.3,136,https://www.arbeitnow.com/jobs/companies/neurochirurgie-frankfurt-am-zoo/mfa-in-einem-starken-team-frankfurt-am-main-348151,"Unsere neurochirurgische Praxis befindet sich im Herzen von Frankfurt. Unser Team ist freundlich, engagiert und weltoffen. Zur Erweiterung unseres Teams suchen wir eine medizinische Fachangestellte (w,m,d) mit Berufserfa"
raw-0075,2026-09-28,Arbeitnow API,DP World Company,Manager Operations Chemielogistik,Product & Project Management,Management,Senior/Lead,Schüttorf,berufserfahren,Customer Service; Operations,Management; Team Leader,84132,121068,102600,67.4,48,38.6,123,https://www.arbeitnow.com/jobs/companies/dp-world-company/manager-operations-chemielogistik-schuttorf-275875,"Gestalte einen Standort mit Zukunft Du möchtest nicht einfach einen bestehenden Betrieb verwalten, sondern aktiv etwas aufbauen und prägen? Dann könnte das deine Chance sein. In Schüttorf befinden wir uns in einer spanne"
raw-0076,2026-09-28,Arbeitnow API,Codewerk GmbH,(Junior) Human Resources Manager (m/w/d),HR & Recruitment,HR,Senior/Lead,Karlsruhe,,HR,HR,61992,89208,75600,51.3,48,38.6,123,https://www.arbeitnow.com/jobs/companies/codewerk-gmbh/junior-human-resources-manager-karlsruhe-68697,"Codewerk steht für Technikbegeisterung, Innovation und Zuverlässigkeit mit flachen Hierarchien, Freiraum und Entwicklungsmöglichkeiten. Ob in Zügen oder Industrieanlagen – wir bringen die Systeme von morgen dazu, miteina"
raw-0077,2026-09-28,Arbeitnow API,Womido,"Office & Operations Manager (m/w/d), Teilzeit oder Vollzeit (mit Home-Office-Anteil)",Finance & Business,Business Operations,Senior/Lead,Rostock,,Operations; Startup,Business Operations,75276,108324,91800,70.1,48,38.6,123,https://www.arbeitnow.com/jobs/companies/womido/office-operations-manager-teilzeit-oder-vollzeit-mit-home-office-anteil-rostock-92806,"Du liebst Struktur, denkst mit, behältst den Überblick – und hast Freude daran, ein kleines Team im Alltag zu unterstützen? Dann möchten wir dich kennenlernen! Wir sind ein wachsendes Startup in der Rostocker Stadtmitte "
raw-0078,2026-09-28,Arbeitnow API,Transreport Limited,Digital Marketing Executive,Data & AI,Remote,Unspecified,London,executive,Communication; Google Analytics; Social Media; Sales; SEO; CRM,Remote; Marketing and Communication,64124,92276,78200,56.9,43,32.5,129,https://www.arbeitnow.co.uk/jobs/companies/transreport-limited/digital-marketing-executive-london-137013,"Role Overview We’re hiring a Digital Marketing Executive to develop and manage marketing campaigns that drive demand and inbound leads, while executing localised lead acquisition strategies to grow our pipeline. Working "
raw-0079,2026-09-28,Arbeitnow API,MY Humancapital GmbH,IT-Systemadministrator Identity & Access Management (m/w/d),Software & Engineering,System and Network Administration,Unspecified,Munich,,Java,System and Network Administration,66387,95533,80960,47.4,38,30.3,136,https://www.arbeitnow.com/jobs/companies/my-humancapital-gmbh/it-systemadministrator-identity-access-management-munich-472298,IT-Systemadministrator Identity &#x26; Access Management (m/w/d) – München | Vollzeit Im Auftrag unseres Partnerunternehmens in München suchen wir Sie zum nächstmöglichen Zeitpunkt als „IT-Systemadministrator Identity &#
raw-0080,2026-09-28,Arbeitnow API,GENUINE Beauty GmbH,Growth Manager TikTok Shop - DACH (m/f/d),Marketing & Growth,Marketing and Communication,Senior/Lead,Cologne,berufserfahren,Communication; Performance Marketing,Marketing and Communication,66420,95580,81000,58.8,48,38.6,123,https://www.arbeitnow.com/jobs/companies/genuine-beauty-gmbh/growth-manager-tiktok-shop-dach-cologne-268177,Your mission Deine Verantwortlichkeiten Strategische Account-Verantwortung Übernimm die strategische Verantwortung für eine führende internationale Beauty-Marke auf TikTok Shop Deutschland. Entwickle und steuere die Wach
raw-0081,2026-09-28,Arbeitnow API,Geotab,Solutions Engineering,Data & AI,SolEng EMEA,Unspecified,London,,Machine Learning; Data Analytics; Marketplace; Operations; Security,SolEng EMEA,64124,92276,78200,58.5,59,39.4,108,https://www.arbeitnow.co.uk/jobs/companies/geotab/solutions-engineering-london-490196,"&lt;div class=&quot;content-intro&quot;&gt;&lt;h1 class=&quot;MuiGrid-root css-1j4zddb&quot;&gt;&lt;span style=&quot;color: rgb(37, 71, 123);&quot;&gt;Who we are:&lt;/span&gt;&lt;/h1&gt; &lt;div class=&quot;MuiGrid-root "
raw-0082,2026-09-28,Arbeitnow API,Quince,"Senior Manager, Site Merchandising UK",Data & AI,International,Senior/Lead,London,,Design; AI,International,94095,135405,114750,92.8,53,40.8,116,https://www.arbeitnow.co.uk/jobs/companies/quince/senior-manager-site-merchandising-uk-london-338412,&lt;div class=&quot;content-intro&quot;&gt;&lt;p&gt;&lt;span style=&quot;text-decoration: underline;&quot;&gt;&lt;strong&gt;ABOUT QUINCE&lt;/strong&gt;&lt;/span&gt;&lt;/p&gt; &lt;p&gt;Quince is a destination for builders
raw-0083,2026-09-28,Arbeitnow API,Coveoen,Forward Deployed Engineer,Software & Engineering,Customer Success,Unspecified,Unspecified,,Python; JavaScript; API; Cloud,Customer Success,66387,95533,80960,63.5,62,40.7,104,https://www.arbeitnow.co.uk/jobs/companies/coveoen/forward-deployed-engineer-105123,"&lt;h4&gt;&lt;strong&gt;Push the boundaries of what Coveo can do, one solution at a time&lt;/strong&gt;&lt;/h4&gt; &lt;p&gt;How do you turn ambitious use cases into real, working solutions that prove their value fast? As"
raw-0084,2026-09-28,Arbeitnow API,SoSafe,Technical Program Manager,Data & AI,Development,Senior/Lead,United Kingdom Remote,Full Time,Product Management; Risk Management; Cybersecurity,Development,94095,135405,114750,45.6,61,44.2,106,https://www.arbeitnow.co.uk/jobs/companies/sosafe/remote-technical-program-manager-374844,SoSafe has the ambition to become the leading human risk management provider in Europe. Our award-winning awareness platform triggers behavioural change by providing effective and engaging training and simulations on cyb
raw-0085,2026-09-28,Arbeitnow API,syte GmbH,IT-Systemadministrator (m/w/d),Software & Engineering,Project Management,Mid-level,Berlin,berufserfahren,Project Management; Operations; Security; Startup; SaaS; iOS; CRM,Project Management,72160,103840,88000,56.6,46,33.8,125,https://www.arbeitnow.com/jobs/companies/syte-gmbh/it-systemadministrator-berlin-139796,"Deine Mission Wir sind ein wachsendes PropTech-Startup aus Münster mit einer KI-gestützten Software für die Entscheidungsgrundlage der Immobilienentwicklung. Projektentwickler, Bauträger, Banken und Investoren nutzen syt"
raw-0086,2026-09-28,Arbeitnow API,Progyny Global,Global Talent Acquisition & People Operations Partner (m/f/x),HR & Recruitment,Recruitment and Selection,Mid-level,Berlin,professional / experienced,Recruitment; Automation; Onboarding; Operations; AI,Recruitment and Selection,45920,66080,56000,72.8,38,30.3,136,https://www.arbeitnow.com/jobs/companies/progyny-global/global-talent-acquisition-people-operations-partner-berlin-302238,"Who We Are At Progyny Global , we are on a mission to make fertility, pregnancy, and family-forming care accessible worldwide. As part of Progyny Inc. , we combine world-class clinical expertise with innovative technolog"
raw-0087,2026-09-28,Arbeitnow API,1KOMMA5˚,Internship Product Management Energy Products & Tariffs (m/f/d),Software & Engineering,Remote,Internship/Student,Berlin,"Internship, no experience required / student",Product Management; Communication; Operations; Startup; AI,Remote; Software Development,39688,57112,48400,73.4,38,30.3,136,https://www.arbeitnow.com/jobs/companies/1komma50/internship-product-management-energy-products-tariffs-berlin-219539,"1KOMMA5° At 1KOMMA5° , we pursue a clear vision: Living on wind and sunlight forever for free . To make this a reality, we are building the energy system of the future with Heartbeat AI. Want to be part of it? We bring t"
raw-0088,2026-09-28,Arbeitnow API,1KOMMA5˚,(Senior) Process & Operations Manager - Energy (m/w/d),Software & Engineering,Software Development,Senior/Lead,Berlin,berufserfahren,Operations,Software Development,97416,140184,118800,85.7,48,38.6,123,https://www.arbeitnow.com/jobs/companies/1komma50/senior-process-operations-manager-energy-berlin-29694,"1KOMMA5° Bei 1KOMMA5° bauen wir Europas größten ‘One-Stop-Shop’ für Installationsleistungen im Bereich Erneuerbare Energien auf, damit jeder Haushalt schnell und professionell klimaneutral wohnen, heizen und mobil sein k"
raw-0089,2026-09-28,Arbeitnow API,1KOMMA5˚,(Junior) Process & Operations Manager - Energy (m/w/d),Software & Engineering,Software Development,Senior/Lead,Berlin,berufserfahren,Operations,Software Development,97416,140184,118800,85.7,48,38.6,123,https://www.arbeitnow.com/jobs/companies/1komma50/junior-process-operations-manager-energy-berlin-318472,"1KOMMA5° Bei 1KOMMA5° bauen wir Europas größten ‘One-Stop-Shop’ für Installationsleistungen im Bereich Erneuerbare Energien auf, damit jeder Haushalt schnell und professionell klimaneutral wohnen, heizen und mobil sein k"
raw-0090,2026-09-28,Arbeitnow API,Silica Verfahrenstechnik GmbH,Elektrokonstrukteur / E-Techniker (m/w/d),Software & Engineering,Engineering,Unspecified,Berlin,,Python; JavaScript; API; Cloud,Engineering,66387,95533,80960,63.5,62,40.7,104,https://www.arbeitnow.com/jobs/companies/silica-verfahrenstechnik-gmbh/elektrokonstrukteur-e-techniker-berlin-149025,"Warum Silica? Bei uns kannst du an der Entstehung der Anlagen in unserer Fertigung live dabei sein. Du siehst deine Arbeit im fertigen Produkt, weil wir nicht nur die Planung und Auslegung, sondern auch die Fertigung dir"
raw-0091,2026-09-28,Arbeitnow API,LKC Rauch & Kollegen,Steuerfachangestellter mit Schwerpunkt IT (m/w/d) bis 48.000 €,Finance & Business,Finance,Unspecified,Schongau,,Finance; Accounting; Onboarding,Finance,51299,73821,62560,62,38,30.3,136,https://www.arbeitnow.com/jobs/companies/lkc-rauch-kollegen/steuerfachangestellter-mit-schwerpunkt-it-bis-48000-eur-schongau-387958,"„Wir verbinden Fachwissen, aktuelle Erkenntnisse und professionelle Leidenschaft – und schaffen so Raum für neues Denken und exzellente Lösungen für unsere Mandanten.“ LKC Rauch &#x26; Kollegen ist eine Steuerkanzlei, di"
raw-0092,2026-09-28,Arbeitnow API,SafeDriver Group GmbH,Junior Operations Manager (m/w/d),Product & Project Management,Business Operations,Senior/Lead,Munich,berufserfahren,Operations; Excel,Business Operations,84132,121068,102600,68.1,48,38.6,123,https://www.arbeitnow.com/jobs/companies/safedriver-group-gmbh/junior-operations-manager-munich-370681,Die SafeDriver Group GmbH ist ein renommiertes Unternehmen im Bereich der sicheren Personenbeförderung sowie Servicepartner innovativer Mobilitätsunternehmen und Global Player. Durch jahrelange erfolgreiche Umsetzung von
raw-0093,2026-09-28,Arbeitnow API,LKC Rauch & Kollegen,Steuerfachangestellter mit Schwerpunkt IT (m/w/d) bis 48.000 €,Finance & Business,Finance,Unspecified,Bad Wörishofen,,Finance; Accounting; Onboarding,Finance,51299,73821,62560,62,38,30.3,136,https://www.arbeitnow.com/jobs/companies/lkc-rauch-kollegen/steuerfachangestellter-mit-schwerpunkt-it-bis-48000-eur-bad-worishofen-70169,"„Wir verbinden Fachwissen, aktuelle Erkenntnisse und professionelle Leidenschaft – und schaffen so Raum für neues Denken und exzellente Lösungen für unsere Mandanten.“ LKC Rauch &#x26; Kollegen ist eine Steuerkanzlei, di"
raw-0094,2026-09-28,Arbeitnow API,CodeWrights GmbH,Projektmanager (m/w/d) Softwareprojekte Industrie,Software & Engineering,Project Management,Senior/Lead,Karlsruhe,berufserfahren,Project Management,Project Management,97416,140184,118800,49.8,48,38.6,123,https://www.arbeitnow.com/jobs/companies/codewrights-gmbh/projektmanager-softwareprojekte-industrie-karlsruhe-320533,"CodeWrights entwickelt individuelle Softwarelösungen für einige der weltweit führenden Industrieunternehmen. Als Spezialist für industrielle Software, Geräteintegration und digitale Produktentwicklung unterstützen wir un"
raw-0095,2026-09-28,Arbeitnow API,Reality Germany Funds,Head of Finance (m/w/d),Software & Engineering,Management,Senior/Lead,Berlin,berufserfahren,Forecasting; Fundraising; Finance,Management; Team Leader,97416,140184,118800,53.9,48,38.6,123,https://www.arbeitnow.com/jobs/companies/reality-germany-funds/head-of-finance-berlin-394833,Reality Germany ist ein in Berlin ansässiges Immobilieninvestment- und Asset-Management-Unternehmen mit Fokus auf Gewerbeimmobilien in ganz Deutschland. Als Teil der REALITY Group schaffen wir langfristige Werte durch st
raw-0096,2026-09-28,Arbeitnow API,Metallbau Pfeuffer GmbH,HR-Manager:in / HR Generalist:in (m/w/d) Teilzeit (25 Std./Woche) | remote möglich | Werneck,Product & Project Management,Remote,Senior/Lead,Straubing,berufseinstieg,HR,Remote; HR,84132,121068,102600,51.3,48,38.6,123,https://www.arbeitnow.com/jobs/companies/metallbau-pfeuffer-gmbh/hr-managerin-hr-generalistin-teilzeit-25-std-woche-remote-moglich-werneck-straubing-27422,Bei uns sind die Menschen das Herzstück und bei dir laufen die Fäden zusammen. Metallbau Pfeuffer steht für bestes Handwerk. Und wir wissen: Das gibt es nur mit einem starken Team. Deshalb wollen wir unseren rund 40 Mita
raw-0097,2026-09-28,Arbeitnow API,K-tronik GmbH,Teilprojektleiter HW Digital (Plattform) & Gerät (m/w/x),Software & Engineering,Engineering,Mid-level,Berlin,berufserfahren,Python; JavaScript; API; Cloud,Engineering,72160,103840,88000,63.5,62,40.7,104,https://www.arbeitnow.com/jobs/companies/k-tronik-gmbh/teilprojektleiter-hw-digital-plattform-gerat-berlin-495965,Projektbeschreibung: Technologie begeistert Sie? Uns auch! Zur Verstärkung unseres Expertenteams bei unserem Kunden aus der Funk- und Kommunikationsbranche suchen wir einen Teilprojektleiter HW Digital (Plattform) &#x26;
raw-0098,2026-09-28,Arbeitnow API,XpertsOne,Teamleiter (m/w/d) im Finanzvertrieb (German Speaking),Finance & Business,Finance,Mid-level,Celle,"Full-time permanent, mid",Finance; Onboarding,Finance; vocational,55760,80240,68000,67.8,38,30.3,136,https://www.arbeitnow.com/jobs/companies/xpertsone/teamleiter-im-finanzvertrieb-german-speaking-celle-60132,"Du bist eine Führungspersönlichkeit, die Verlässlichkeit, klare Strukturen und Teamgeist lebt? Übernimm Verantwortung, optimiere Prozesse und führe dein Team zu Höchstleistungen. Begeistere unsere Kunden mit ehrlicher Be"
raw-0099,2026-09-28,Arbeitnow API,Nürnberger Wach- und Schließgesellschaft mbH,Einsatzleiter (m/w/d) am Standort Frankfurt a. Main,Cybersecurity & IT,Security and safety,Mid-level,Offenbach a. Main,"Full-time permanent, mid",Security,Security and safety; vocational,65600,94400,80000,57.6,51,35.9,119,https://www.arbeitnow.com/jobs/companies/nurnberger-wach-und-schliessgesellschaft-mbh/einsatzleiter-am-standort-frankfurt-a-main-offenbach-a-main-423218,"Ihr Schlüssel zur Sicherheit - Das ist unser Anspruch seit 1902. Wie wir das jeden Tag schaffen? Mit zeitgemäßen Sicherheitslösungen für jeden Bedarf, individuellen Konzepten aus kompetenter Dienstleistung und HighTech. "
raw-0100,2026-09-28,Arbeitnow API,deskbird Careers,Chief Financial Officer (all genders),Software & Engineering,CFO,Unspecified,Remote,"Executive, Permanent, Full time",Finance; Accounting; Operations; SaaS; AI,CFO; Chief Financial Officer; Finance,66387,95533,80960,73.4,38,30.3,136,https://www.arbeitnow.co.uk/jobs/companies/deskbird-careers/remote-chief-financial-officer-all-genders-87253,"Your mission deskbird is one of Europe's fastest-growing workplace-management platforms – a SaaS success story serving hundreds of enterprise customers and building the operating system for the workplace of the future, w"
raw-0101,2026-09-28,Arbeitnow API,Valiantys,Atlassian Senior Consultant - Cloud Practice,Software & Engineering,Delivery Consulting,Senior/Lead,"Remote, United Kingdom",Full Time Permanent,Automation; Onboarding; Design; Cloud; Sales,Delivery Consulting,97416,140184,118800,69.2,56,42.1,112,https://www.arbeitnow.co.uk/jobs/companies/valiantys/remote-atlassian-senior-consultant-cloud-practice-125803,"About Valiantys Valiantys helps organizations transform how work gets done across the enterprise, leading with transformation consulting, enterprise service management (ESM), and engineering productivity. By combining de"
raw-0102,2026-09-28,Arbeitnow API,Plan.tec. GmbH & Co. KG,System Administrator (m/w/d) - Du verbindest Welten,Cybersecurity & IT,System and Network Administration,Unspecified,Garbsen,,Onboarding,System and Network Administration,60352,86848,73600,66.2,43,32.5,129,https://www.arbeitnow.com/jobs/companies/plantec-gmbh-co-kg/system-administrator-du-verbindest-welten-garbsen-2717,"Hey du! Du fühlst dich in der Linux-Shell genauso zu Hause wie im Windows Server Manager? Office 365 ist für dich kein Buch mit sieben Siegeln, aber Migrationen zu freien Alternativen sind genau dein Ding? Dann suchen wi"
raw-0103,2026-09-28,Arbeitnow API,INLOGY GmbH,Full-Stack-Developer (m/w/d) .NET/Angular,Software & Engineering,Software Development,Mid-level,Paderborn,berufserfahren,Docker; Azure; React; .NET; C#,Software Development,72160,103840,88000,46,46,33.8,125,https://www.arbeitnow.com/jobs/companies/inlogy-gmbh/full-stack-developer-net-angular-paderborn-473073,"PROBLEMLÖSER GESUCHT Technische Herausforderungen meistern, innovative Lösungen entwickeln und echte Probleme unserer Kunden lösen: genau das macht die Arbeit bei uns aus. Als Full-Stack-Developer wirst du Teil eines Tea"
raw-0104,2026-09-28,Arbeitnow API,ANGEHEUERT GmbH Personalberatung,Karriereschritt für erfahrene Buchhalter:in | Finance Digitalisation Specialist (m/w/d),Software & Engineering,Business Intelligence,Mid-level,Hannover,berufserfahren,Onboarding; Finance; ERP,Business Intelligence,72160,103840,88000,62.3,38,30.3,136,https://www.arbeitnow.com/jobs/companies/angeheuert-gmbh-personalberatung/karriereschritt-fur-erfahrene-buchhalterin-finance-digitalisation-specialist-hannover-191179,"Finance trifft Digitalisierung. Du möchtest deine Finance Expertise einsetzen, um digitale Prozesse voranzutreiben &#x26; moderne ERP Systeme aktiv mitzugestalten? Dann bist du hier richtig. Unser Kunde ist ein global et"
raw-0105,2026-09-28,Arbeitnow API,Projektron GmbH,IT-Administration,Software & Engineering,System and Network Administration,Mid-level,Berlin,berufserfahren,Python; JavaScript; API; Cloud,System and Network Administration,72160,103840,88000,63.4,62,40.7,104,https://www.arbeitnow.com/jobs/companies/projektron-gmbh/it-administration-berlin-10863,Die Projektron GmbH entwickelt und vertreibt die webbasierte Projektmanagement-Software Projektron BCS. Für die Unterstützung unserer europaweit über 820 Kunden sowie die kontinuierliche Weiterentwicklung unserer Softwar
raw-0106,2026-09-28,Arbeitnow API,Projektron GmbH,Cloud Engineering,Software & Engineering,IT,Unspecified,Berlin,,Kubernetes; Docker; Cloud,IT,66387,95533,80960,55.5,54,37.2,115,https://www.arbeitnow.com/jobs/companies/projektron-gmbh/cloud-engineering-berlin-196152,Die Projektron GmbH entwickelt und vertreibt die webbasierte Projektmanagement-Software Projektron BCS. Für die Unterstützung unserer europaweit über 820 Kunden sowie die kontinuierliche Weiterentwicklung unserer Softwar
raw-0107,2026-09-28,Arbeitnow API,ecosistant,"Head of Technical Operations & Automation (m/w/d) - GreenTech/Recycling (Teilzeit 32h, Remote möglich)",Software & Engineering,Remote,Senior/Lead,Berlin,berufserfahren,Automation; Operations; Startup; Agile; ERP; SAP,Remote; IT,97416,140184,118800,57.5,48,38.6,123,https://www.arbeitnow.com/jobs/companies/ecosistant/head-of-technical-operations-automation-greentech-recycling-teilzeit-32h-remote-moglich-berlin-267477,"// Technische Verantwortung in einem wachsenden GreenTech-Startup Leiste Pionierarbeit bei ecosistant: ecosistant , ein aufstrebendes und gefragtes Startup in Berlin, wird der Go-To-Point für Onlinehändler rund um Nachha"
raw-0108,2026-09-28,Arbeitnow API,New Monday GmbH,Technical Recruiter (gn) Schwerpunkt Softwareentwicklung,Software & Engineering,Remote,Mid-level,Berlin,"Contract, berufserfahren",Recruitment; Kubernetes; TypeScript; Full Stack; Frontend; Backend; CI/CD; REST; Java; SAP,Remote; Recruitment and Selection,72160,103840,88000,49,62,40.7,104,https://www.arbeitnow.com/jobs/companies/new-monday-gmbh/technical-recruiter-gn-schwerpunkt-softwareentwicklung-berlin-197645,"Technical Recruiter (gn), remote, vollzeit, ab sofort. Du erkennst, ob hinter einem technischen Profil die Erfahrung steckt, die ein Projekt wirklich braucht? Und du hast Freude daran, passende Menschen zu finden und für"
raw-0109,2026-09-28,Arbeitnow API,Software Company AMIC GmbH,Mitarbeiter:in im Professional Service (m/w/d),Software & Engineering,IT,Mid-level,Kiel,,SQL; ERP,IT,72160,103840,88000,50.5,38,30.3,136,https://www.arbeitnow.com/jobs/companies/software-company-amic-gmbh/mitarbeiterin-im-professional-service-kiel-255468,"Seit 40 Jahren entwickeln und implementieren wir EDV-Systeme, hauptsächlich für Agrar- und Lebensmittelunternehmen aber auch branchenverwandte Handels- und Produktionsunternehmen. Neben Standardsoftware zur Abwicklung de"
raw-0110,2026-09-28,Arbeitnow API,Dörr-Gruppe,Mitarbeiter zur Unterstützung der IT-Abteilung auf Minijobbasis oder als Werkstudent (m/w/d),Cybersecurity & IT,System and Network Administration,Internship/Student,Sankt Wendel,"Working student, berufseinstieg",Security; Cloud; Risk Management; Technical Support,System and Network Administration,36080,51920,44000,54.7,59,39.4,108,https://www.arbeitnow.com/jobs/companies/dorr-gruppe/mitarbeiter-zur-unterstutzung-der-it-abteilung-auf-minijobbasis-oder-als-werkstudent-sankt-wendel-348778,"Die Dörr Reisemobile GmbH ist ein Familienunternehmen, das vor über 30 Jahren gegründet wurde. Das Unternehmen hat sich im Laufe der Zeit zu einem der Marktführer in der Reisemobilbranche entwickelt und betreibt aktuell "
raw-0111,2026-09-28,Arbeitnow API,Software Company AMIC GmbH,Mitarbeiter:in im Customer Service (m/w/d),Software & Engineering,Helpdesk,Unspecified,Kiel,,Customer Service; SQL,Helpdesk,66387,95533,80960,49.4,38,30.3,136,https://www.arbeitnow.com/jobs/companies/software-company-amic-gmbh/mitarbeiterin-im-customer-service-kiel-388121,"Als Mitarbeiter:in im Customer Service (m/w/d) bist du die erste Anlaufstelle für unsere Kund:innen und sorgst dafür, dass ihre Anliegen schnell und zuverlässig gelöst werden. Du bist kommunikativ, serviceorientiert und "
raw-0112,2026-09-28,Arbeitnow API,wizinc,Partner Solutions Architect - MSP,Software & Engineering,Channels,Unspecified,Unspecified,,Operations; Security; Cloud; React; Sales; AI,Channels,66387,95533,80960,75,54,37.2,115,https://www.arbeitnow.com/jobs/companies/wizinc/partner-solutions-architect-msp-115100,&lt;div class=&quot;content-intro&quot;&gt;&lt;p&gt;Come join the organization that is redefining security for the AI era. As one of the&lt;a href=&quot;https://www.wiz.io/blog/100m-arr-in-18-months-wiz-becomes-the-faste
raw-0113,2026-09-28,Arbeitnow API,Yepoda,Influencer Marketing Manager (m/w/d) | Deutschsprachig,Marketing & Growth,Influencer Marketing,Senior/Lead,Berlin,Full Time,SEO; Google Analytics; Paid Marketing; Content Strategy,Influencer Marketing,66420,95580,81000,46.2,48,38.6,123,https://www.arbeitnow.com/jobs/companies/yepoda/influencer-marketing-manager-deutschsprachig-berlin-401010,"Über Yepoda Clean K-Beauty Innovation. Ohne Kompromisse. Yepoda ist eine Clean K-Beauty Brand, die hält, was sie verspricht. Wir entwickeln koreanische Hautpflege ohne Kompromisse: klinisch getestet, 100 % vegan und nach"
raw-0114,2026-09-28,Arbeitnow API,Yepoda,Influencer Marketing Manager (m/f/d) | German Speaking,Software & Engineering,Influencer Marketing,Senior/Lead,Berlin,Full Time,Sales,Influencer Marketing,97416,140184,118800,77.1,48,38.6,123,https://www.arbeitnow.com/jobs/companies/yepoda/influencer-marketing-manager-german-speaking-berlin-55935,"About Yepoda Clean K-Beauty Innovation. No compromises. Yepoda is a clean K-Beauty brand that actually proves it works. We make Korean skincare without any of the compromises. Everything is clinically tested, 100% vegan,"
raw-0115,2026-09-28,Arbeitnow API,Bjak,"Lead, Special Projects",Product & Project Management,ActAI CEO Office,Senior/Lead,Berlin,Full Time,AI; Onboarding; Operations; Finance,ActAI CEO Office,84132,121068,102600,82.8,48,38.6,123,https://www.arbeitnow.com/jobs/companies/bjak/lead-special-projects-berlin-11310,"About ActAI There are over 5 billion users using basic applications today such email, notes, tasks, calendar and they're not AI-native. Our mission is to build proactive applications for anyone in the world, who are not "
raw-0116,2026-09-28,Arbeitnow API,Bjak,Chief of Staff,Product & Project Management,ActAI CEO Office,Senior/Lead,Berlin,Full Time,AI; Onboarding; Operations; Finance,ActAI CEO Office,84132,121068,102600,82.8,48,38.6,123,https://www.arbeitnow.com/jobs/companies/bjak/chief-of-staff-berlin-270231,"About ActAI There are over 5 billion users using basic applications today such email, notes, tasks, calendar and they're not AI-native. Our mission is to build proactive applications for anyone in the world, who are not "
raw-0117,2026-09-28,Arbeitnow API,Bjak,"Director, Office of the CEO",Product & Project Management,ActAI CEO Office,Senior/Lead,Berlin,Full Time,AI; Onboarding; Operations; Finance,ActAI CEO Office,84132,121068,102600,82.8,48,38.6,123,https://www.arbeitnow.com/jobs/companies/bjak/director-office-of-the-ceo-berlin-187050,"About ActAI There are over 5 billion users using basic applications today such email, notes, tasks, calendar and they're not AI-native. Our mission is to build proactive applications for anyone in the world, who are not "
raw-0118,2026-09-28,Arbeitnow API,Bjak,"Executive, Office of the CEO",Product & Project Management,ActAI CEO Office,Unspecified,Berlin,Full Time,AI; Communication; Onboarding; Operations,ActAI CEO Office,57334,82506,69920,82.8,38,30.3,136,https://www.arbeitnow.com/jobs/companies/bjak/executive-office-of-the-ceo-berlin-441675,"About ActAI There are over 5 billion users using basic applications today such email, notes, tasks, calendar and they're not AI-native. Our mission is to build proactive applications for anyone in the world, who are not "
raw-0119,2026-09-28,Arbeitnow API,Bjak,"Director, Business Operations",Product & Project Management,ActAI CEO Office,Senior/Lead,Berlin,Full Time,AI; Onboarding; Operations; Finance,ActAI CEO Office,84132,121068,102600,82.8,48,38.6,123,https://www.arbeitnow.com/jobs/companies/bjak/director-business-operations-berlin-75376,"About ActAI There are over 5 billion users using basic applications today such email, notes, tasks, calendar and they're not AI-native. Our mission is to build proactive applications for anyone in the world, who are not "
raw-0120,2026-09-28,Arbeitnow API,hey contact heroes GmbH,Kundenberater (m/w/d),HR & Recruitment,Customer Service,Unspecified,Hamburg,,Customer Service,Customer Service,42246,60794,51520,49,38,30.3,136,https://www.arbeitnow.com/jobs/companies/hey-contact-heroes-gmbh/kundenberater-hamburg-406892,Kennst du schon die hey contact heroes? Du möchtest im Kundenservice arbeiten und langfristig bequem aus dem Homeoffice tätig sein? Für ein neues Projekt im Bereich kommunaler Dienstleistungen suchen wir zuverlässige und
raw-0121,2026-09-28,Arbeitnow API,hey contact heroes GmbH,"Freelancer - Kundenservice Mobilfunk Inbound - EU, außerhalb Deutschland - 100% Remote",HR & Recruitment,Remote,Unspecified,Berlin,Freelance,Customer Service,Remote; Customer Service,42246,60794,51520,49,38,30.3,136,https://www.arbeitnow.com/jobs/companies/hey-contact-heroes-gmbh/freelancer-kundenservice-mobilfunk-inbound-eu-ausserhalb-deutschland-100-remote-berlin-443971,Kennst du schon die hey contact heroes? Noch nicht? Dann wird’s Zeit! Die hey contact heroes stehen für echte Innovationen im Kundenservice! Wir haben uns auf die Bereitstellung erstklassiger Kundenservice-Lösungen spezi
raw-0122,2026-09-28,Arbeitnow API,DWLBohrung GmbH,Bohrteam für unsere Vermeer D40 (m/w/d),Software & Engineering,Engineering,Unspecified,Dresden,,Python; JavaScript; API; Cloud,Engineering,66387,95533,80960,63.4,62,40.7,104,https://www.arbeitnow.com/jobs/companies/dwlbohrung-gmbh/bohrteam-fur-unsere-vermeer-d40-dresden-375370,"Sie suchen eine Position in einem aufstrebenden, auf Horizontalbohrungen spezialisierten Tiefbau-Unternehmen? Dann sind Sie bei uns richtig. DWL Bohrung ist der kompetente Partner für anspruchsvolle Projekte im Leitungsb"
raw-0123,2026-09-28,Arbeitnow API,evolve+adapt GmbH,Junior Account Manager (m/w/d),Marketing & Growth,Online Marketing,Senior/Lead,Essen,,Performance Marketing; Advertising; Excel; SEO,Online Marketing,66420,95580,81000,48.6,48,38.6,123,https://www.arbeitnow.com/jobs/companies/evolveadapt-gmbh/junior-account-manager-essen-392596,Wir sind eine Amazon-Agentur aus Essen und helfen Marken erfolgreich auf dem Amazon-Marktplatz zu verkaufen. Als Junior Account Manager (m/d/w) wirst du den Erfolg unserer Kunden durch strategische Ansätze und operative 
raw-0124,2026-09-28,Arbeitnow API,Ebert HERA Esser Group,Lohnbuchhalter / Payroll Specialist (m/w/d),Product & Project Management,HR,Unspecified,Baden-Baden,,HR; Excel,HR,57334,82506,69920,50.9,38,30.3,136,https://www.arbeitnow.com/jobs/companies/ebert-hera-esser-group/lohnbuchhalter-payroll-specialist-baden-baden-381923,Zur Verstärkung unseres Lohnabrechnungs-Teams in unserer Hauptverwaltung in Baden-Baden suchen wir Sie zum nächstmöglichen Zeitpunkt als Lohnbuchhalter (m/w/d) Über uns Wir sind die Ebert HERA Esser Group. Als Familienun
raw-0125,2026-09-28,Arbeitnow API,DWLBohrung GmbH,Baggerfahrer und LKW-Fahrer (m/w/d),Software & Engineering,Engineering,Unspecified,Paderborn,,Python; JavaScript; API; Cloud,Engineering,66387,95533,80960,63.4,62,40.7,104,https://www.arbeitnow.com/jobs/companies/dwlbohrung-gmbh/baggerfahrer-und-lkw-fahrer-paderborn-129491,"Sie suchen eine Position in einem aufstrebenden Unternehmen in einer zukunftsweisenden Branche? Dann sind Sie bei uns richtig. DWL Bohrung ist der kompetente Partner für anspruchsvolle Projekte im Leitungsbau, insbesonde"
raw-0126,2026-09-28,Arbeitnow API,DWLBohrung GmbH,Bauleiter FTTx (m/w/d),Software & Engineering,Engineering,Unspecified,Paderborn,,Python; JavaScript; API; Cloud,Engineering,66387,95533,80960,63.4,62,40.7,104,https://www.arbeitnow.com/jobs/companies/dwlbohrung-gmbh/bauleiter-fttx-paderborn-451912,Sie wünschen sich einen Arbeitsplatz in einem aufstrebenden Unternehmen in einer zukunftsweisenden Branche? Dann sind Sie bei uns richtig. DWL Bohrung ist der kompetente Partner für anspruchsvolle Projekte im Leitungstie
raw-0127,2026-09-28,Arbeitnow API,DWLBohrung GmbH,Projektleiter FTTx (m/w/d),Software & Engineering,Engineering,Unspecified,Paderborn,,Python; JavaScript; API; Cloud,Engineering,66387,95533,80960,63.4,62,40.7,104,https://www.arbeitnow.com/jobs/companies/dwlbohrung-gmbh/projektleiter-fttx-paderborn-425319,Sie wünschen sich einen Arbeitsplatz in einem aufstrebenden Unternehmen in einer zukunftsweisenden Branche? Dann sind Sie bei uns richtig. DWL Bohrung ist der kompetente Partner für anspruchsvolle Projekte im Leitungstie
raw-0128,2026-09-28,Arbeitnow API,OPTITOOL GmbH,OT-DW Web-Entwickler / Web Developer (m/w/d) in Vollzeit,Software & Engineering,Software Development,Unspecified,Regensburg,,Frontend; React; REST,Software Development,66387,95533,80960,49.2,38,30.3,136,https://www.arbeitnow.com/jobs/companies/optitool-gmbh/ot-dw-web-entwickler-web-developer-in-vollzeit-regensburg-297350,"Wir suchen DICH! Sei Teil unseres Teams als Web Entwickler / Web Developer (m/w/d) in Festanstellung. Das OPTITOOL Team besteht aus spezialisierten Akademikern und IT-Fachkräften, die in den Bereichen Entwicklung, Vertri"
raw-0129,2026-09-28,Arbeitnow API,Fresha,Associate Account Manager (Paris),Software & Engineering,Business Development,Senior/Lead,Paris,,Marketplace; Automation; Operations; Video Editing; Sales; AI,Business Development,97416,140184,118800,71.6,48,38.6,123,https://www.arbeitnow.fr/jobs/companies/fresha/associate-account-manager-paris-263776,"The AI-powered OS&nbsp; for beauty, wellness and self-care About Fresha Fresha is the AI-powered operating system for the global beauty, wellness and self-care industry, connecting and powering everything from salons and"
raw-0130,2026-09-28,Arbeitnow API,Fresha,Account Manager (Paris),Data & AI,Partner Success,Senior/Lead,Paris,Full-time,Marketplace; Automation; Onboarding; Operations; Video Editing; Sales; AI,Partner Success,94095,135405,114750,70.8,53,40.8,116,https://www.arbeitnow.fr/jobs/companies/fresha/account-manager-paris-443854,"The AI-powered OS&nbsp; for beauty, wellness and self-care About Fresha Fresha is the AI-powered operating system for the global beauty, wellness and self-care industry, connecting and powering everything from salons and"
raw-0131,2026-09-28,Arbeitnow API,capco,Managing Principal Consultant – Life & Pensions,Marketing & Growth,Business Consulting,Senior/Lead,Unspecified,,Operations; Design; Agile; AI,Business Consulting,66420,95580,81000,80,48,38.6,123,https://www.arbeitnow.co.uk/jobs/companies/capco/managing-principal-consultant-life-pensions-131726,&lt;p&gt;&amp;nbsp;&lt;/p&gt; &lt;p&gt;&lt;strong&gt;Managing Principal Consultant – Life &amp;amp; Pensions&lt;/strong&gt;&lt;/p&gt; &lt;p&gt;&lt;strong&gt;Location:&lt;/strong&gt; London (Hybrid) | &lt;strong&gt;Practi
raw-0132,2026-09-28,Arbeitnow API,capco,Managing Principal Consultant – General Insurance,Cybersecurity & IT,Business Consulting,Senior/Lead,Unspecified,,Stakeholder Management; Operations; Design; Agile; AI,Business Consulting,88560,127440,108000,73,53,40.8,116,https://www.arbeitnow.co.uk/jobs/companies/capco/managing-principal-consultant-general-insurance-187185,&lt;p&gt;&amp;nbsp;&lt;/p&gt; &lt;p&gt;&lt;strong&gt;Managing Principal Consultant – General Insurance&lt;/strong&gt;&lt;/p&gt; &lt;p&gt;&lt;strong&gt;Location:&lt;/strong&gt; London (Hybrid) | &lt;strong&gt;Practice Are
raw-0133,2026-09-28,Arbeitnow API,Nivoda,Customs Specialist (Europe),Software & Engineering,Fulfillment,Unspecified,UK - Remote,Full Time,Marketplace,Fulfillment,66387,95533,80960,52.1,38,30.3,136,https://www.arbeitnow.co.uk/jobs/companies/nivoda/customs-specialist-europe-london-179295,"Location: Fully remote in Europe Working Hours: Mon - Fri, 9AM - 6PM About Nivoda 🚀 Nivoda is a rapidly scaling global B2B diamond and gemstone marketplace connecting jewellery retailers with competitive, high-quality s"
raw-0134,2026-09-28,Arbeitnow API,Nivoda,Operations Manager (London),Cybersecurity & IT,Fulfillment,Senior/Lead,London,Full Time,Marketplace; Operations,Fulfillment,88560,127440,108000,68.9,53,40.8,116,https://www.arbeitnow.co.uk/jobs/companies/nivoda/operations-manager-london-145558,"Working hours: Mon - Fri Location: 100% on-site in Hatton Garden, London About Nivoda 🚀 Nivoda is on a mission to transform the $350 billion global jewelry industry. We're building the operating system for the industry "
raw-0135,2026-09-28,Arbeitnow API,bunch,Head of Sales | Fund Administration | VC & PE | Private Markets,Software & Engineering,Commercial,Senior/Lead,London,Full Time,Communication; Forecasting; Operations; Finance; Sales; SaaS; CRM; AI,Commercial,97416,140184,118800,70.4,48,38.6,123,https://www.arbeitnow.co.uk/jobs/companies/bunch/head-of-sales-fund-administration-vc-pe-private-markets-london-287449,"bunch is building the backbone of private markets. We are enabling next-gen fund operations with one integrated system that combines secure data infrastructure, AI-powered workflows and expert fund services. If you value"
raw-0136,2026-09-28,Arbeitnow API,Industrious,Member Experience Associate - London,Marketing & Growth,Unit Ops,Unspecified,London,Full Time,Design,Unit Ops,45264,65136,55200,75.5,38,30.3,136,https://www.arbeitnow.co.uk/jobs/companies/industrious/member-experience-associate-london-106135,About the Company: Industrious is the largest premium workplace-as-a-service provider and home to the highest-rated workplaces in the industry. Everything we do comes down to creating great days for teams of all sizes an
raw-0137,2026-09-28,Arbeitnow API,Industrious,Member Experience Manager - London,Marketing & Growth,Unit Ops,Senior/Lead,London,Full Time,Sales,Unit Ops,66420,95580,81000,77.1,48,38.6,123,https://www.arbeitnow.co.uk/jobs/companies/industrious/member-experience-manager-london-14187,About the Company: Industrious is the largest premium workplace-as-a-service provider and home to the highest-rated workplaces in the industry. Everything we do comes down to creating great days for teams of all sizes an
raw-0138,2026-09-28,Arbeitnow API,Sungrow Europe - Welcome traveler!,Field Service Engineer (ESS / PV) - France (South),Software & Engineering,Field Service,Mid-level,France - remote,"Experienced, Permanent, Full time",Technical Support; Customer Service; AI; Project Management; Communication,Field Service; Engineer; Solar Energy; PV; ESS; EV; Technical Support; Customer Service; Installation; Maintenance,72160,103840,88000,64.2,38,30.3,136,https://www.arbeitnow.fr/jobs/companies/sungrow-europe-welcome-traveler/remote-field-service-engineer-ess-pv-france-south-467419,"Your mission Bonjour et bienvenue à Sungrow! We’re seeking a skilled Field Service Engineer to join our vibrant team in the south part of France. In this role, you will become the primary point of contact for our valued "
raw-0139,2026-09-28,Arbeitnow API,Udemy,"Senior Counsel, Strategic Partnerships",Software & Engineering,Legal Operations,Senior/Lead,Remote,,Operations; Marketplace; Sales; AI,Legal Operations,97416,140184,118800,81.1,48,38.6,123,https://www.arbeitnow.co.uk/jobs/companies/udemy/remote-senior-counsel-strategic-partnerships-466564,"&lt;div class=&quot;content-intro&quot;&gt;&lt;p&gt;&lt;strong&gt;About Coursera + Udemy&lt;/strong&gt;&lt;/p&gt; &lt;p&gt;Coursera and Udemy are now one company, bringing together two mission-driven brands to create the"
raw-0140,2026-09-28,Arbeitnow API,Almedia,Site Lead Data & ML,Software & Engineering,Tech,Senior/Lead,London,Full Time,Python; JavaScript; API; Cloud,Tech,97416,140184,118800,63.4,72,49,91,https://www.arbeitnow.co.uk/jobs/companies/almedia/site-lead-data-ml-london-83632,This isn’t your regular job. Almedia is a place where those who want to push harder can accelerate their careers faster than anywhere else. We’re aiming to become Germany’s second bootstrapped unicorn. Almedia is already
raw-0141,2026-09-28,Arbeitnow API,London School of Excellence,Operations Manager - Education & Student Services,Marketing & Growth,Remote,Internship/Student,London,manager,Communication; Recruitment; Operations; CRM,Remote; Management; Team Leader,27060,38940,33000,63.4,38,30.3,136,https://www.arbeitnow.co.uk/jobs/companies/london-school-of-excellence/operations-manager-education-student-services-london-257699,"London School of Excellence is looking for a highly organised and proactive Operations Manager to oversee our day-to-day education operations. The successful candidate will manage staff activity, student communication, a"
raw-0142,2026-09-28,Arbeitnow API,Luo,Infrastructure & Security Lead,Software & Engineering,Tech,Senior/Lead,Paris,Full Time,Security; Research; Testing; Design; Cloud; CI/CD; REST; GCP,Tech,97416,140184,118800,56.2,72,49,91,https://www.arbeitnow.fr/jobs/companies/luo/infrastructure-security-lead-paris-42539,"About Luo Luo is one of the fastest-growing FX and cross-border payments companies in Africa. We help African businesses pay their international suppliers faster, more transparently, and more competitively than tradition"
raw-0143,2026-09-28,Arbeitnow API,Tulip,"Account Executive, UK & Ireland Manufacturing",Software & Engineering,Sales,Unspecified,Unspecified,,Sales; SaaS; AI,Sales,66387,95533,80960,79.3,38,30.3,136,https://www.arbeitnow.co.uk/jobs/companies/tulip/account-executive-uk-ireland-manufacturing-363961,&lt;p style=&quot;text-align: left;&quot;&gt;&lt;strong&gt;The role is remote located in the UK&lt;/strong&gt;&lt;/p&gt; &lt;p style=&quot;text-align: left;&quot;&gt;&lt;a href=&quot;https://tulip.co/&quot;&gt;Tulip&lt;/
raw-0144,2026-09-28,Arbeitnow API,Lightspeedhq,Product Adoption Strategist (Human-Led) French Speaking,Cybersecurity & IT,Customers,Unspecified,Belfast,Full Time,Communication; Onboarding; Design; SaaS,Customers,60352,86848,73600,65.5,43,32.5,129,https://www.arbeitnow.co.uk/jobs/companies/lightspeedhq/product-adoption-strategist-human-led-french-speaking-belfast-401242,Hi there! Thanks for stopping by 👋 Are you actively looking for a new opportunity? Or just checking the market? Well… you might just be in the right place! We’re looking for a French speaking Product Adoption Strategist
raw-0145,2026-09-28,Arbeitnow API,Checkout.com,"Staff Product Designer, Acquiring & Design System",Software & Engineering,All Departments,Senior/Lead,London,Full Time,Research; Design; AI,All Departments,97416,140184,118800,79.6,48,38.6,123,https://www.arbeitnow.co.uk/jobs/companies/checkoutcom/staff-product-designer-acquiring-design-system-london-355916,"Company Description We’re Checkout.com . You might not know our name, but companies like eBay, Spotify, Klarna, Uber, and Sony do, because we’re behind many of the digital experiences you use every day. We are where the "
raw-0146,2026-09-28,Arbeitnow API,Checkout.com,"Specialist, Workplace Experience",Software & Engineering,All Departments,Unspecified,London,Full Time,Operations; Cloud,All Departments,66387,95533,80960,78.6,46,33.8,125,https://www.arbeitnow.co.uk/jobs/companies/checkoutcom/specialist-workplace-experience-london-114354,"Company Description We’re Checkout.com . You might not know our name, but companies like eBay, Spotify, Klarna, Uber, and Sony do, because we’re behind many of the digital experiences you use every day. We are where the "
raw-0147,2026-09-28,Arbeitnow API,Kong,"Strategic Account Executive, UKI",Software & Engineering,All Cost Center,Unspecified,"England, United Kingdom",Full Time,Sales; API; AI,All Cost Center,66387,95533,80960,82.2,46,33.8,125,https://www.arbeitnow.co.uk/jobs/companies/kong/strategic-account-executive-uki-england-334593,"Are you ready to unlock intelligence? If you don’t think you meet all of the criteria below but are still interested in the job, please apply. Nobody checks every box - we’re looking for candidates that are particularly "
raw-0148,2026-09-28,Arbeitnow API,Satispay,Group Chief Financial Officer (Relocation to Milan),Software & Engineering,Finance,Unspecified,"London, UK",Full Time,Finance; Forecasting; Fundraising,Finance; Procurement & Facility,66387,95533,80960,53.8,38,30.3,136,https://www.arbeitnow.co.uk/jobs/companies/satispay/group-chief-financial-officer-relocation-to-milan-london-245250,Please note that this opportunity requires relocation to our Milan office. About us Traditional banking has never really given people control over their financial life. Satispay exists to change that: to empower people t
raw-0149,2026-09-28,Arbeitnow API,Satispay,Chief Financial Officer - Satispay Bank (Relocation to Luxembourg),Software & Engineering,Finance,Unspecified,"London, UK",Full Time,Finance; Risk Management; Forecasting; Operations,Finance; Procurement & Facility,66387,95533,80960,62.3,38,30.3,136,https://www.arbeitnow.co.uk/jobs/companies/satispay/chief-financial-officer-satispay-bank-relocation-to-luxembourg-london-342036,Please note that this opportunity requires relocation to our Luxembourg office. About us Traditional banking has never really given people control over their financial life. Satispay exists to change that: to empower peo
raw-0150,2026-09-28,Arbeitnow API,The Flex,Product Designer,Software & Engineering,Engineering,Unspecified,London,Full Time,User Research; Communication; Onboarding; Operations; Research; Finance; Design; Figma; SaaS; AI,Engineering,66387,95533,80960,66.7,38,30.3,136,https://www.arbeitnow.co.uk/jobs/companies/the-flex/product-designer-london-42782,"At Base360.ai , we believe running a short-term rental company should feel effortless. Our mission is ambitious: enable anyone to launch, operate and scale a short-term rental business on AI autopilot. Born from the tech"
raw-0151,2026-09-28,Arbeitnow API,Kraken,Sr. Counsel - Regulatory,Product & Project Management,Legal,Unspecified,United Kingdom,Full Time,Finance,Legal,57334,82506,69920,69.2,38,30.3,136,https://www.arbeitnow.co.uk/jobs/companies/kraken/sr-counsel-regulatory-london-313258,"Building the Future of Open Finance Payward - the parent company behind Kraken, NinjaTrader, Breakout, xStocks, Payward Services and CF Benchmarks - has spent the last 15 years building one of the most modern and globall"
raw-0152,2026-09-27,Arbeitnow API,sonyinteractiveentertainmentglobal,Senior Community Operation Manager,Software & Engineering,Admin (Business & Product),Senior/Lead,London,,Operations,Admin (Business & Product),97416,140184,118800,85.5,48,38.6,123,https://www.arbeitnow.co.uk/jobs/companies/sonyinteractiveentertainmentglobal/senior-community-operation-manager-london-454965,&lt;div class=&quot;content-intro&quot;&gt;&lt;p&gt;&lt;strong&gt;Why Sony Interactive Entertainment?&lt;/strong&gt;&lt;/p&gt; &lt;p&gt;Sony Interactive Entertainment isn’t just the Best Place to Play — it’s also the Bes
raw-0153,2026-09-27,Arbeitnow API,sonyinteractiveentertainmentglobal,Security Analytics Engineer,Data & AI,Information Security,Unspecified,London,,Security; Data Engineering; Data Analytics; Automation; Backend; Design; AI,Information Security,64124,92276,78200,63.8,67,42.8,98,https://www.arbeitnow.co.uk/jobs/companies/sonyinteractiveentertainmentglobal/security-analytics-engineer-london-453235,&lt;div class=&quot;content-intro&quot;&gt;&lt;p&gt;&lt;strong&gt;Why Sony Interactive Entertainment?&lt;/strong&gt;&lt;/p&gt; &lt;p&gt;Sony Interactive Entertainment isn’t just the Best Place to Play — it’s also the Bes
raw-0154,2026-09-27,Arbeitnow API,gitlab,"Distinguished Engineer, Core DevOps",Software & Engineering,DevOps Engineering,Unspecified,Remote,,Security; AI,DevOps Engineering,66387,95533,80960,83.6,46,33.8,125,https://www.arbeitnow.co.uk/jobs/companies/gitlab/remote-distinguished-engineer-core-devops-436837,"&lt;div class=&quot;content-intro&quot;&gt;&lt;p&gt;GitLab is the intelligent orchestration platform for DevSecOps. GitLab enables organizations to increase developer productivity, improve operational efficiency, reduce "
raw-0155,2026-09-27,Arbeitnow API,databricks,Lead Solutions Architect - Generative AI (EMEA Emerging DNB),Data & AI,Field Engineering - Other,Senior/Lead,Unspecified,,Machine Learning; Generative AI; Design; Cloud; AI,Field Engineering - Other,94095,135405,114750,71.6,77,51.1,85,https://www.arbeitnow.co.uk/jobs/companies/databricks/lead-solutions-architect-generative-ai-emea-emerging-dnb-210255,&lt;p&gt;&lt;strong&gt;REQ ID:&lt;/strong&gt; FEQ227R147&lt;/p&gt; &lt;p&gt;&lt;strong&gt;Location:&lt;/strong&gt; United Kingdom (Remote/Hybrid — London or UK-based)&lt;/p&gt; &lt;p&gt;&lt;strong&gt;Recruiter:&lt;/stron
raw-0156,2026-09-27,Arbeitnow API,wppmedia,"Strategy Director, Media Strategy",Software & Engineering,Media Management & Delivery,Senior/Lead,London,,AI,Media Management & Delivery,97416,140184,118800,100,48,38.6,123,https://www.arbeitnow.co.uk/jobs/companies/wppmedia/strategy-director-media-strategy-london-298468,"&lt;div class=&quot;content-intro&quot;&gt;&lt;p&gt;&lt;strong&gt;About WPP Media&lt;/strong&gt;&lt;/p&gt; &lt;p&gt;WPP is the trusted growth partner for the world’s leading brands. With exceptional talent, trusted data "
raw-0157,2026-09-27,Arbeitnow API,wppmedia,"Director, Solutions, Activation",Marketing & Growth,Media Management & Delivery,Senior/Lead,London,,AI,Media Management & Delivery,66420,95580,81000,100,48,38.6,123,https://www.arbeitnow.co.uk/jobs/companies/wppmedia/director-solutions-activation-london-220035,"&lt;div class=&quot;content-intro&quot;&gt;&lt;p&gt;&lt;strong&gt;About WPP Media&lt;/strong&gt;&lt;/p&gt; &lt;p&gt;WPP is the trusted growth partner for the world’s leading brands. With exceptional talent, trusted data "
raw-0158,2026-09-27,Arbeitnow API,wppmedia,"Director, Planning",Marketing & Growth,Client Teams,Senior/Lead,London,,Communication; AI,Client Teams,66420,95580,81000,89.5,48,38.6,123,https://www.arbeitnow.co.uk/jobs/companies/wppmedia/director-planning-london-56723,"&lt;div class=&quot;content-intro&quot;&gt;&lt;p&gt;&lt;strong&gt;About WPP Media&lt;/strong&gt;&lt;/p&gt; &lt;p&gt;WPP is the trusted growth partner for the world’s leading brands. With exceptional talent, trusted data "
raw-0159,2026-09-27,Arbeitnow API,Airwallex,Head of Risk Operations,Software & Engineering,Operations,Senior/Lead,UK - London,Full Time,Operations; Onboarding; Finance; AI,Operations,97416,140184,118800,82.6,48,38.6,123,https://www.arbeitnow.co.uk/jobs/companies/airwallex/head-of-risk-operations-london-236602,"About Airwallex Airwallex is the only unified payments and financial platform for global businesses. Powered by our unique combination of proprietary infrastructure and software, we empower over 250,000 businesses worldw"
raw-0160,2026-09-27,Arbeitnow API,Airwallex,Head of Onboarding & FinCrime Operations,Software & Engineering,Operations,Senior/Lead,UK - London,Full Time,Operations; Onboarding; Finance; AI,Operations,97416,140184,118800,82.6,48,38.6,123,https://www.arbeitnow.co.uk/jobs/companies/airwallex/head-of-onboarding-fincrime-operations-london-178102,"About Airwallex Airwallex is the only unified payments and financial platform for global businesses. Powered by our unique combination of proprietary infrastructure and software, we empower over 250,000 businesses worldw"
raw-0161,2026-09-27,Arbeitnow API,Airwallex,Senior Associate Regulatory Compliance,Software & Engineering,Regulatory & Compliance,Senior/Lead,UK - London,Full Time,Risk Management; Operations; Finance; AI,Regulatory & Compliance,97416,140184,118800,77.5,48,38.6,123,https://www.arbeitnow.co.uk/jobs/companies/airwallex/senior-associate-regulatory-compliance-london-27300,"About Airwallex Airwallex is the only unified payments and financial platform for global businesses. Powered by our unique combination of proprietary infrastructure and software, we empower over 250,000 businesses worldw"
raw-0162,2026-09-27,Arbeitnow API,TransPerfect,Enterprise AI Solutions Consultant (London),Data & AI,Sales,Mid-level,"London, Greater London, United Kingdom","Experienced, fulltime permanent",Sales; Machine Learning; Generative AI; AI,Sales,69700,100300,85000,72.1,59,39.4,108,https://www.arbeitnow.co.uk/jobs/companies/transperfect/enterprise-ai-solutions-consultant-london-311805,"Elevate the Future of Global Content with TransPerfect AI TransPerfect is the leading solution provider of AI, Technology, and Data solutions; we are the engine behind the global AI revolution. As we continue to redefine"
raw-0163,2026-09-27,Arbeitnow API,TransPerfect,Slovenian language trainer,Finance & Business,Remote,Mid-level,Remote job,"Experienced, freelance",Excel; Finance; Accounting; Forecasting,Remote,55760,80240,68000,54.7,38,30.3,136,https://www.arbeitnow.co.uk/jobs/companies/transperfect/remote-slovenian-language-trainer-anywhere-in-emea-region-226625,"Company&nbsp; TransPerfect Language &amp; Cultural Training is part of the TransPerfect solutions, the world’s largest language service and technology solutions provider for global businesses with offices in more than 10"
raw-0164,2026-09-27,Arbeitnow API,TransPerfect,Croatian language trainer,Finance & Business,Remote,Mid-level,Remote job,"Experienced, freelance",Excel; Finance; Accounting; Forecasting,Remote,55760,80240,68000,54.7,38,30.3,136,https://www.arbeitnow.co.uk/jobs/companies/transperfect/remote-croatian-language-trainer-anywhere-in-emea-region-449504,"Company&nbsp; TransPerfect Language &amp; Cultural Training is part of the TransPerfect solutions, the world’s largest language service and technology solutions provider for global businesses with offices in more than 10"
raw-0165,2026-09-27,Arbeitnow API,Awin,"Head of Product, AI Enablement (f/m/d)",Product & Project Management,Product,Senior/Lead,London,,Research; AI,Product; Research & Development,84132,121068,102600,81.6,48,38.6,123,https://www.arbeitnow.co.uk/jobs/companies/awin/head-of-product-ai-enablement-london-229300,"&lt;p&gt;&lt;strong&gt;Purpose of Position&lt;/strong&gt;&lt;/p&gt; &lt;p&gt;Own the product agenda for how AI creates real, measurable value across Awin — translating AI capability into shipped product outcomes, not exp"
raw-0166,2026-09-27,Arbeitnow API,wolt,Staff Engineer,Software & Engineering,Ads Engineering,Senior/Lead,London,,Forecasting; Backend; Design,Ads Engineering,97416,140184,118800,60.2,56,42.1,112,https://www.arbeitnow.co.uk/jobs/companies/wolt/staff-engineer-london-64515,"&lt;div class=&quot;content-intro&quot;&gt;&lt;h2&gt;&lt;span data-sheets-root=&quot;1&quot;&gt;About Wolt&lt;/span&gt;&lt;/h2&gt; &lt;p&gt;&lt;span data-sheets-root=&quot;1&quot;&gt;At Wolt, we create technology that br"
raw-0167,2026-09-27,Arbeitnow API,wolt,Software Engineer,Software & Engineering,Consumer Engineering,Unspecified,London,,Backend; Go; AI,Consumer Engineering,66387,95533,80960,70.6,46,33.8,125,https://www.arbeitnow.co.uk/jobs/companies/wolt/software-engineer-london-431307,"&lt;div class=&quot;content-intro&quot;&gt;&lt;h2&gt;&lt;span data-sheets-root=&quot;1&quot;&gt;About Wolt&lt;/span&gt;&lt;/h2&gt; &lt;p&gt;&lt;span data-sheets-root=&quot;1&quot;&gt;At Wolt, we create technology that br"
raw-0168,2026-09-27,Arbeitnow API,zscaler,Senior Sales Engineer - UK,Software & Engineering,EMEA Field Sales,Senior/Lead,Unspecified,,Sales; Security; Cloud; Agile; AI,EMEA Field Sales,97416,140184,118800,72.8,64,45.5,102,https://www.arbeitnow.co.uk/jobs/companies/zscaler/senior-sales-engineer-uk-95932,"&lt;div class=&quot;content-intro&quot;&gt;&lt;p data-pm-slice=&quot;1 1 []&quot;&gt;Zscaler (NASDAQ: ZS) accelerates digital transformation so customers can be more agile, efficient, resilient, and secure. The Zscaler Z"
raw-0169,2026-09-27,Arbeitnow API,celonis,Senior Value Engineer - Defence & Government - SC cleared,Software & Engineering,Value Engineering,Senior/Lead,London,,Sales; AI,Value Engineering,97416,140184,118800,93.3,48,38.6,123,https://www.arbeitnow.co.uk/jobs/companies/celonis/senior-value-engineer-defence-government-sc-cleared-london-320883,"&lt;div class=&quot;content-intro&quot;&gt;&lt;p&gt;Celonis is the trusted platform to industrialize Enterprise AI. At our core is the Celonis Context Model — which combines process data, business knowledge, and intellig"
raw-0170,2026-09-27,Arbeitnow API,celonis,Client Value Partner - Public Sector - Security Cleared,Software & Engineering,Value Engineering,Unspecified,London,,Security; AI,Value Engineering,66387,95533,80960,83.5,46,33.8,125,https://www.arbeitnow.co.uk/jobs/companies/celonis/client-value-partner-public-sector-security-cleared-london-175359,"&lt;div class=&quot;content-intro&quot;&gt;&lt;p&gt;Celonis is the trusted platform to industrialize Enterprise AI. At our core is the Celonis Context Model — which combines process data, business knowledge, and intellig"
raw-0171,2026-09-27,Arbeitnow API,Carwow,Campaign Operations Manager,Software & Engineering,Customer,Senior/Lead,London,Full Time,Advertising; Operations; Sales,Customer; Marketing & Media,97416,140184,118800,69.3,48,38.6,123,https://www.arbeitnow.co.uk/jobs/companies/carwow/campaign-operations-manager-london-341670,"OUR MISSION To become the car-changing destination of choice. By combining technology, media and deep automotive expertise, we've turned how people buy, sell, advertise and lease cars on its head. What started as a simpl"
raw-0172,2026-09-27,Arbeitnow API,remotecom,CX AI & Automation Lead,Marketing & Growth,Customer Experience,Senior/Lead,Unspecified,,Communication; Automation; Operations; Design; AI; HR,Customer Experience,66420,95580,81000,74.2,48,38.6,123,https://www.arbeitnow.co.uk/jobs/companies/remotecom/cx-ai-automation-lead-350049,"&lt;div class=&quot;content-intro&quot;&gt;&lt;h2&gt;&lt;strong&gt;About Remote&lt;/strong&gt;&lt;/h2&gt; &lt;div&gt;&lt;span style=&quot;font-size: 12pt; font-family: helvetica, arial, sans-serif;&quot;&gt;Remote is sol"
raw-0173,2026-09-27,Arbeitnow API,hellofresh,Product Manager (12 month FTC),Marketing & Growth,Unspecified,Senior/Lead,London,,Project Management; Forecasting; Operations,,66420,95580,81000,61.2,48,38.6,123,https://www.arbeitnow.co.uk/jobs/companies/hellofresh/product-manager-12-month-ftc-london-369950,"&lt;p&gt;Product at HelloFresh is exciting. We’re talking recipe ranges, box types and, or product additions such as our surcharge portfolio (range of value added recipes that customers can pay extra for to acquire).&amp"
raw-0174,2026-09-27,Arbeitnow API,Constructor,Senior Backend Engineer: Machine Learning Infrastructure,Data & AI,Engineering,Senior/Lead,Remote - EMEA,Full Time,Machine Learning; Kubernetes; Backend; Python; Design; Azure; Cloud; Rust; AWS; GCP; C++; AI,Engineering,94095,135405,114750,58,100,61,55,https://www.arbeitnow.co.uk/jobs/companies/constructor/remote-senior-backend-engineer-machine-learning-infrastructure-467357,"About Us Launched in 2019, Constructor is an AI-first e-commerce search and discovery platform that helps shoppers find the right products at the right time and enables leading global e-commerce brands to drive meaningfu"
raw-0175,2026-09-27,Arbeitnow API,Tulip Interfaces,"Account Executive, UK & Ireland Manufacturing",Software & Engineering,Unspecified,Unspecified,United Kingdom,,Sales; SaaS; AI,,66387,95533,80960,79.2,38,30.3,136,https://www.arbeitnow.co.uk/jobs/companies/tulip-interfaces/account-executive-uk-ireland-manufacturing-united-kingdom-240858,"The role is remote located in the UK Tulip brings modern technology and AI into manufacturing. Manufacturing accounts for almost 20% of the global economy and one in every seven workers on Earth, yet remains among the le"
raw-0176,2026-09-27,Arbeitnow API,Tulip Interfaces,"Account Executive, UK & Ireland Manufacturing",Software & Engineering,Unspecified,Unspecified,"London, England, United Kingdom",,Sales; SaaS; AI,,66387,95533,80960,79.2,38,30.3,136,https://www.arbeitnow.co.uk/jobs/companies/tulip-interfaces/account-executive-uk-ireland-manufacturing-london-459844,"The role is remote located in the UK Tulip brings modern technology and AI into manufacturing. Manufacturing accounts for almost 20% of the global economy and one in every seven workers on Earth, yet remains among the le"
raw-0177,2026-09-27,Arbeitnow API,SumUp,Senior Product Manager - Consumer Lifecycle,Software & Engineering,Unspecified,Senior/Lead,"London, England, United Kingdom",,Onboarding; Security; Finance; Design,,97416,140184,118800,66.9,56,42.1,112,https://www.arbeitnow.co.uk/jobs/companies/sumup/senior-product-manager-consumer-lifecycle-london-77219,"Senior Product Manager – Consumer Lifecycle Location: London, United Kingdom&nbsp; Employment type: Permanent, full-time, Office first Team description The Consumer Lifecycle team owns the product experience that turns S"
raw-0178,2026-09-27,Arbeitnow API,Cyclepharmaceuticals,"Associate Director, Supply Chain",Software & Engineering,Supply Chain,Senior/Lead,Cambridge,,AI; Operations; Finance,Supply Chain,97416,140184,118800,88,48,38.6,123,https://www.arbeitnow.co.uk/jobs/companies/cyclepharmaceuticals/associate-director-supply-chain-cambridge-386637,"&lt;p&gt;&lt;strong&gt;Associate Director, Supply Chain&lt;/strong&gt;&lt;/p&gt; &lt;p&gt;&lt;strong&gt;Company:&lt;/strong&gt;&amp;nbsp; Cycle Pharmaceuticals Ltd&lt;/p&gt; &lt;p&gt;&lt;strong&gt;Position Summary: &lt;/"
raw-0179,2026-09-27,Arbeitnow API,Materialbank,Senior Analytics Engineer,Data & AI,Insights & Analytics,Senior/Lead,London,,Marketplace; Design,Insights & Analytics,94095,135405,114750,63.5,53,40.8,116,https://www.arbeitnow.co.uk/jobs/companies/materialbank/senior-analytics-engineer-london-245078,"&lt;div class=&quot;content-intro&quot;&gt;&lt;p&gt;Material Bank is the world’s largest material marketplace for the architecture and design industry. Operating in 37 countries, our platform has become the standard for "
raw-0180,2026-09-27,Arbeitnow API,Materialbank,"Director, Mobility Partnerships",Cybersecurity & IT,Brand Sales,Senior/Lead,London,,Sales; Marketplace; Design,Brand Sales,88560,127440,108000,67.9,53,40.8,116,https://www.arbeitnow.co.uk/jobs/companies/materialbank/director-mobility-partnerships-london-341575,"&lt;div class=&quot;content-intro&quot;&gt;&lt;p&gt;Material Bank is the world’s largest material marketplace for the architecture and design industry. Operating in 37 countries, our platform has become the standard for "
raw-0181,2026-09-27,Arbeitnow API,Pallet,"Enterprise Account Executive - Spanish-Speaking - London, UK",Software & Engineering,Sales,Unspecified,London,,Sales; Generative AI; Startup; AI,Sales,66387,95533,80960,72.3,46,33.8,125,https://www.arbeitnow.co.uk/jobs/companies/pallet/enterprise-account-executive-spanish-speaking-london-uk-275620,&lt;div class=&quot;content-intro&quot;&gt;&lt;p&gt;&lt;strong&gt;About Pallet &lt;/strong&gt;&lt;/p&gt; &lt;p class=&quot;isSelectedEnd&quot;&gt;Pallet is building AI Agents to transform the physical economy — a $12 tri
raw-0182,2026-09-27,Arbeitnow API,Pallet,"Enterprise Account Executive, Portuguese-Speaking - London, UK",Software & Engineering,Sales,Unspecified,London,,Sales; Generative AI; Startup; AI,Sales,66387,95533,80960,72.3,46,33.8,125,https://www.arbeitnow.co.uk/jobs/companies/pallet/enterprise-account-executive-portuguese-speaking-london-uk-282,&lt;div class=&quot;content-intro&quot;&gt;&lt;p&gt;&lt;strong&gt;About Pallet &lt;/strong&gt;&lt;/p&gt; &lt;p class=&quot;isSelectedEnd&quot;&gt;Pallet is building AI Agents to transform the physical economy — a $12 tri
raw-0183,2026-09-27,Arbeitnow API,Pallet,"Enterprise Account Executive - London, UK",Software & Engineering,Sales,Unspecified,London,,Sales; Generative AI; Startup; AI,Sales,66387,95533,80960,72.3,46,33.8,125,https://www.arbeitnow.co.uk/jobs/companies/pallet/enterprise-account-executive-london-uk-216039,&lt;div class=&quot;content-intro&quot;&gt;&lt;p&gt;&lt;strong&gt;About Pallet &lt;/strong&gt;&lt;/p&gt; &lt;p class=&quot;isSelectedEnd&quot;&gt;Pallet is building AI Agents to transform the physical economy — a $12 tri
raw-0184,2026-09-27,Arbeitnow API,Pallet,"Enterprise Account Executive - German-Speaking - London, UK",Software & Engineering,Sales,Unspecified,London,,Sales; Generative AI; Startup; AI,Sales,66387,95533,80960,72.3,46,33.8,125,https://www.arbeitnow.co.uk/jobs/companies/pallet/enterprise-account-executive-german-speaking-london-uk-420892,&lt;div class=&quot;content-intro&quot;&gt;&lt;p&gt;&lt;strong&gt;About Pallet &lt;/strong&gt;&lt;/p&gt; &lt;p class=&quot;isSelectedEnd&quot;&gt;Pallet is building AI Agents to transform the physical economy — a $12 tri
raw-0185,2026-09-27,Arbeitnow API,Pallet,"Enterprise Account Executive, French-Speaking - London, UK",Software & Engineering,Sales,Unspecified,London,,Sales; Generative AI; Startup; AI,Sales,66387,95533,80960,72.3,46,33.8,125,https://www.arbeitnow.co.uk/jobs/companies/pallet/enterprise-account-executive-french-speaking-london-uk-311884,&lt;div class=&quot;content-intro&quot;&gt;&lt;p&gt;&lt;strong&gt;About Pallet &lt;/strong&gt;&lt;/p&gt; &lt;p class=&quot;isSelectedEnd&quot;&gt;Pallet is building AI Agents to transform the physical economy — a $12 tri
raw-0186,2026-09-27,Arbeitnow API,Rzr,Senior Growth Manager - EMEA,Data & AI,Customer Success,Senior/Lead,London,,Machine Learning; Advertising; Operations; AI,Customer Success,94095,135405,114750,73.3,61,44.2,106,https://www.arbeitnow.co.uk/jobs/companies/rzr/senior-growth-manager-emea-london-492954,"&lt;h2&gt;Who Are We?&lt;/h2&gt; &lt;p&gt;RZR is an AI-native advertising platform built for the next era of performance marketing. We operate at the intersection of machine learning, programmatic media, and full-funnel "
raw-0187,2026-09-27,Arbeitnow API,Endorlabs,Enterprise Account Executive - UK,Software & Engineering,Sales,Unspecified,London,,Sales; Security; C++; AI,Sales,66387,95533,80960,71.9,46,33.8,125,https://www.arbeitnow.co.uk/jobs/companies/endorlabs/enterprise-account-executive-uk-london-344675,"&lt;h2&gt;&lt;strong&gt;About Us&lt;/strong&gt;&lt;/h2&gt; &lt;p&gt;Endor Labs is building the Application Security platform for the software development revolution. Modern software is complex and dependency-rich, making"
raw-0188,2026-09-27,Arbeitnow API,Akayshaenergy,Senior Grid Connnection Engineer,Software & Engineering,Engineering,Senior/Lead,"Sydney, Australia",,Testing; Design,Engineering,97416,140184,118800,63.9,48,38.6,123,https://www.arbeitnow.co.uk/jobs/companies/akayshaenergy/senior-grid-connnection-engineer-sydney-australia-284483,"&lt;p&gt;&lt;strong&gt;&lt;span data-contrast=&quot;auto&quot;&gt;Today’s most tomorrow company. &lt;/span&gt;&lt;/strong&gt;&lt;span data-ccp-props=&quot;{&amp;quot;134233118&amp;quot;:false,&amp;quot;335559739&amp;quot"
raw-0189,2026-09-27,Arbeitnow API,Speechmatics,Senior Software Engineer – Front-End,Data & AI,Engineering,Senior/Lead,Cambridge,,JavaScript; Frontend; Backend; Testing; Design; Cloud; React; AI,Engineering,94095,135405,114750,65.2,69,47.7,95,https://www.arbeitnow.co.uk/jobs/companies/speechmatics/senior-software-engineer-front-end-cambridge-223050,"&lt;p&gt;At Speechmatics, we’re expanding our user platform offering. We&#39;re looking for a Senior Front-End Software Engineer with a strong product mindset to help drive that growth. This is an opportunity to own end-"
raw-0190,2026-09-27,Arbeitnow API,Speechmatics,Senior Software Engineer – Front-End,Data & AI,Engineering,Senior/Lead,London,,JavaScript; Frontend; Backend; Testing; Design; Cloud; React; AI,Engineering,94095,135405,114750,65.2,69,47.7,95,https://www.arbeitnow.co.uk/jobs/companies/speechmatics/senior-software-engineer-front-end-london-475824,"&lt;p&gt;At Speechmatics, we’re expanding our user platform offering. We&#39;re looking for a Senior Front-End Software Engineer with a strong product mindset to help drive that growth. This is an opportunity to own end-"
raw-0191,2026-09-27,Arbeitnow API,Speechmatics,ML Data & Platform Engineer,Data & AI,Machine Learning,Unspecified,Cambridge,,Machine Learning; Data Engineering; Kubernetes; Full Stack; Backend; Python; Docker; Design; Cloud; SQL; AI,Machine Learning,64124,92276,78200,60.7,91,53.1,67,https://www.arbeitnow.co.uk/jobs/companies/speechmatics/ml-data-platform-engineer-cambridge-284072,"&lt;p&gt;We&#39;re looking for an ML Data &amp;amp; Platform Engineer to own the infrastructure that powers our speech AI models: the pipelines that source and prepare training data, and the platform that trains, evaluat"
raw-0192,2026-09-27,Arbeitnow API,Speechmatics,ML Data & Platform Engineer,Data & AI,Machine Learning,Unspecified,London,,Machine Learning; Data Engineering; Kubernetes; Full Stack; Backend; Python; Docker; Design; Cloud; SQL; AI,Machine Learning,64124,92276,78200,60.7,91,53.1,67,https://www.arbeitnow.co.uk/jobs/companies/speechmatics/ml-data-platform-engineer-london-439848,"&lt;p&gt;We&#39;re looking for an ML Data &amp;amp; Platform Engineer to own the infrastructure that powers our speech AI models: the pipelines that source and prepare training data, and the platform that trains, evaluat"
raw-0193,2026-09-27,Arbeitnow API,Super,Staff Machine Learning Engineer - Applied ML & Research,Data & AI,Engineering,Senior/Lead,Unspecified,,Machine Learning; Operations; Security; Research; Design,Engineering; Data,94095,135405,114750,64.8,69,47.7,95,https://www.arbeitnow.co.uk/jobs/companies/super/staff-machine-learning-engineer-applied-ml-research-307226,"&lt;div class=&quot;content-intro&quot;&gt;&lt;p&gt;We are on a mission to pioneer the world’s next era of play. As we grow across Europe and Latin America, we’re building The Playstack - the technology powering the next"
raw-0194,2026-09-27,Arbeitnow API,Super,Senior Sports Quantitative Analyst,Software & Engineering,Trading Leadership,Senior/Lead,Unspecified,,Operations,Trading Leadership,97416,140184,118800,85.4,48,38.6,123,https://www.arbeitnow.co.uk/jobs/companies/super/senior-sports-quantitative-analyst-14337,"&lt;div class=&quot;content-intro&quot;&gt;&lt;p&gt;We are on a mission to pioneer the world’s next era of play. As we grow across Europe and Latin America, we’re building The Playstack - the technology powering the next"
raw-0195,2026-09-27,Arbeitnow API,Super,Senior Product Manager - Sports Trading,Software & Engineering,Product,Senior/Lead,Unspecified,,Product Management; Operations; Research; Testing; Design; AI,Product,97416,140184,118800,70.6,48,38.6,123,https://www.arbeitnow.co.uk/jobs/companies/super/senior-product-manager-sports-trading-435499,"&lt;div class=&quot;content-intro&quot;&gt;&lt;p&gt;We are on a mission to pioneer the world’s next era of play. As we grow across Europe and Latin America, we’re building The Playstack - the technology powering the next"
raw-0196,2026-09-27,Arbeitnow API,Super,Senior Engineering Manager- Payment Experience,Software & Engineering,Engineering,Senior/Lead,Unspecified,,Operations; Frontend; Android; Backend; Testing; iOS,Engineering; Player,97416,140184,118800,55.8,56,42.1,112,https://www.arbeitnow.co.uk/jobs/companies/super/senior-engineering-manager-payment-experience-52023,"&lt;div class=&quot;content-intro&quot;&gt;&lt;p&gt;We are on a mission to pioneer the world’s next era of play. As we grow across Europe and Latin America, we’re building The Playstack - the technology powering the next"
raw-0197,2026-09-27,Arbeitnow API,Super,Senior Engineering Manager - Machine Learning,Data & AI,Engineering,Senior/Lead,Unspecified,,Project Management; Machine Learning; Operations; Research; Design; AI,Engineering; Data Products,94095,135405,114750,70.9,61,44.2,106,https://www.arbeitnow.co.uk/jobs/companies/super/senior-engineering-manager-machine-learning-297787,"&lt;div class=&quot;content-intro&quot;&gt;&lt;p&gt;We are on a mission to pioneer the world’s next era of play. As we grow across Europe and Latin America, we’re building The Playstack - the technology powering the next"
raw-0198,2026-09-27,Arbeitnow API,Super,Head of Product Design - Manager role,Marketing & Growth,Product Design & Research,Senior/Lead,Unspecified,,Research; Design; Operations,Product Design & Research,66420,95580,81000,71.3,48,38.6,123,https://www.arbeitnow.co.uk/jobs/companies/super/head-of-product-design-manager-role-407146,"&lt;div class=&quot;content-intro&quot;&gt;&lt;p&gt;We are on a mission to pioneer the world’s next era of play. As we grow across Europe and Latin America, we’re building The Playstack - the technology powering the next"
raw-0199,2026-09-27,Arbeitnow API,Bursonglobalcareers,Social & Content Strategist - Account Director level - Corporate,Marketing & Growth,Corporate Affairs - Burson,Senior/Lead,London,,AI; Social Media,Corporate Affairs - Burson,66420,95580,81000,78.4,48,38.6,123,https://www.arbeitnow.co.uk/jobs/companies/bursonglobalcareers/social-content-strategist-account-director-level-corporate-london-165136,"&lt;div class=&quot;content-intro&quot;&gt;&lt;h3&gt;&lt;strong&gt;Who we are:&lt;/strong&gt;&lt;/h3&gt; &lt;p&gt;Burson, part of WPP, is the global communications leader built to create value for clients through reputat"
raw-0200,2026-09-26,The Muse API,Schneider Electric,Stage - Gestion de projet digitalisation - F/H,Operations & Support,Unspecified,Unspecified,"Échirolles, France",external,Communication; Power BI; Excel,Mid Level,39229,56451,47840,53.6,38,30.3,136,https://www.themuse.com/jobs/schneiderelectric/stage-gestion-de-projet-digitalisation-fh-461ec5,"Et si votre stage avait de l'impact ? Classée n°1 des entreprises les plus durables au monde et 2ème au classement HappyTrainees , Schneider Electric offre une expérience enrichissante, recommandée par 92,9 % de nos stag"
raw-0201,2026-09-25,The Muse API,Apple,"Data Engineer, iOS - Health Technologies",Data & AI,Software Engineering,Unspecified,"San Diego, CA",external,Data Engineering; Machine Learning; Communication; Research; PyTorch; Backend; Python; Design; Cloud; AWS; iOS; AI,Software Engineering; Mid Level,64124,92276,78200,60.1,83,49.7,77,https://www.themuse.com/jobs/apple/data-engineer-ios-health-technologies-3c08b6,"Health Technologies is a unique cross-functional organization at Apple that works on inventing, researching, and validating new physiological sensing methods for Apple's current and future hardware platforms and software"
raw-0202,2026-09-25,The Muse API,JPMorgan Chase,"Private Client Banker - (New Build) Ogden Village - Wilmington, NC",Marketing & Growth,Unspecified,Unspecified,"Wilmington, NC",external,Communication,Mid Level,45264,65136,55200,68.3,38,30.3,136,https://www.themuse.com/jobs/jpmorganchase/private-client-banker-new-build-ogden-village-wilmington-nc,"You have a passion for taking care of our customers and employees and making them feel welcomed and valued by building lasting relationships, doing the right thing, exceeding expectations and having a strong commitment t"
raw-0203,2026-09-24,The Muse API,Salesforce,Software Engineering MTS,Software & Engineering,Software Engineering,Unspecified,"San Francisco, CA, Seattle, WA",external,Automation; Design; CRM; AI,Software Engineering; Mid Level,66387,95533,80960,71.9,38,30.3,136,https://www.themuse.com/jobs/salesforce/software-engineering-mts-b32a7d,"To get the best candidate experience, please consider applying for a maximum of 3 roles within 12 months to ensure you are not duplicating efforts. Job Category Software Engineering Job Details About Salesforce Salesforc"
raw-0204,2026-09-23,The Muse API,Soho House,Chef de Partie - Babington House,HR & Recruitment,Unknown,Unspecified,"Mendip, United Kingdom",external,Recruitment; HR; Onboarding; Communication,Unknown; Mid Level,42246,60794,51520,56.6,38,30.3,136,https://www.themuse.com/jobs/sohohouse/chef-de-partie-babington-house-bf5766,"The Role…&nbsp; At Soho House, a&nbsp; Chef de Partie supports the kitchen brigade in delivering exceptional dining experiences to our members and guests. As a Chef de Partie,&nbsp; your role is to make sure that our mem"
raw-0205,2026-09-22,The Muse API,Schneider Electric,Senior Sales Engineer,Software & Engineering,Unspecified,Senior/Lead,"Shanghai, China",external,Sales,Senior Level,97416,140184,118800,75,48,38.6,123,https://www.themuse.com/jobs/schneiderelectric/senior-sales-engineer-873ba9,"我们正在招聘一位高级OEM现场销售代表,通过战略合作伙伴关系和新客户获取推动增长如果你擅长建立关系达成复杂交易并通过顾问式销售创造价值,这就是你产生影响的机会 你将做什么？ 与目标OEM客户发展和培育长期关系,重点关注获取新客户 推广施耐德电气的全套高端解决方案组合,推动持续且盈利的增长 与内部团队协作,包括解决方案中心客户服务和供应链,以超越客户期望 引导客户完成购买过程,同时影响最终用户和更广泛的生态系统 我们在寻找哪些关键技能？ "
raw-0206,2026-09-21,Remotive API,TELUS Digital,Content Reviewer - United States,Data & AI,All others,Unspecified,USA,part_time,Social Media; Android; AI/ML; iOS; AI; Communication,android; ios; social media; AI/ML,64124,92276,78200,58.7,51,35.9,119,https://remotive.com/remote-jobs/all-others/content-reviewer-united-states-2091144,"We are looking for an independent, flexible, remote opportunity where you can help improve AI-powered search technology from the comfort of your home? If you're curious, internet-savvy, and enjoy evaluating online conten"
raw-0207,2026-09-19,The Muse API,Autodesk,License Compliance Inside Sales Representative - Italy,Software & Engineering,Sales,Unspecified,"Barcelona, Spain",external,Sales; Communication; Forecasting; Excel; CRM,Sales; Senior Level,66387,95533,80960,56.4,38,30.3,136,https://www.themuse.com/jobs/autodesk/license-compliance-inside-sales-representative-italy-079c73,"Job Requisition ID # 26WD100222 Position Overview We are looking for a motivated team player, an experienced sales representative that is keen on driving new business growth to Autodesk through our License Compliance dep"
raw-0208,2026-09-18,Remotive API,KoboToolbox,Frontend Web Application Developer,Data & AI,Design,Unspecified,"USA, Canada, Argentina, Mexico, Peru",full_time,TypeScript; Frontend; Security; Python; Docker; AI/ML; React; Video Editing; REST; Git; API; AI,api; django; docker; frontend; git; python; react; security; video; AI/ML; documentation; Typescript; web applications; backbone; diversity; REST; insurance,64124,92276,78200,53.2,67,42.8,98,https://remotive.com/remote-jobs/design/frontend-web-application-developer-2091141,Location: Remote Availability: 35-40 hours per week Working hours: US East business hours Reporting to: Lead developer KoboToolbox has an immediate opening for a Frontend Web Application Developer to fill a full-time pos
raw-0209,2026-09-18,Remotive API,Sanctuary Computer Inc,Senior Shopify Developer,Data & AI,Software Development,Senior/Lead,Worldwide,contract,Motion Design; TypeScript; Full Stack; Frontend; Node.js; Backend; Testing; Shopify; Design; Figma; Video Editing; REST,admin; api; backend; CSS; frontend; fullstack; graphql; node.js; postgresql; redux; seo; shopify; video; open source; paas; Figma; documentation; analytics; brand design; Typescript; Redis; cypress; IoT; runtime; JSON; responsive; prismic; motion design; testing; themes; next.js; CMS; jest; REST; web sockets; performance optimization; mobile development,94095,135405,114750,47.1,69,47.7,95,https://remotive.com/remote-jobs/software-development/senior-shopify-developer-2091140,"We are hiring a contract-based Senior Shopify Developer to contribute to our Design and Development Team. Original Job posting link here 🌎 About garden3d We are worker owned creative collective, innovating on everything"
raw-0210,2026-09-18,Remotive API,hey contact heroes GmbH,🇩🇪 Kundenservice Mobilfunk Inbound - innerhalb der EU (ausgenommen: Deutschland),HR & Recruitment,Customer Service,Unspecified,Europe,freelance,Customer Service,,42246,60794,51520,45.2,38,30.3,136,https://remotive.com/remote-jobs/customer-service/kundenservice-mobilfunk-inbound-innerhalb-der-eu-ausgenommen-deutschland-2091139,🇩🇪 This job ad is written in German. 🇩🇪 Kennst du schon die hey contact heroes? Noch nicht? Dann wird’s Zeit! Die hey contact heroes stehen für echte Innovationen im Kundenservice! Wir haben uns auf die Bereitstellun
raw-0211,2026-09-18,Remotive API,Lemon.io,Senior AI Engineer,Data & AI,Artificial Intelligence,Senior/Lead,"Northern America, LATAM, Europe, APAC",full_time,Project Management; Data Engineering; Data Science; Marketplace; JavaScript; TypeScript; Automation; WordPress; Node.js; Android; Startup; Shopify,.Net; android; C; C#; C++; data science; golang; ios; java; javascript; node.js; php; python; react; ruby/rails; scala; shopify; swift; UI/UX; wordpress; blockchain; AI/ML; automation; project management; react native; rust; unity; electron; spring; laravel; Ethereum; graphic design; Typescript; angular; firebase; data engineering; Site Reliability; SOLID; Symfony; startup; marketplace; next.js; flutter,94095,135405,114750,46.2,61,44.2,106,https://remotive.com/remote-jobs/artificial-intelligence/senior-ai-engineer-2091131,Are you a talented Senior AI Engineer looking for a remote job that lets you show your skills and get decent compensation? Look no further than Lemon.io — the marketplace that connects you with hand-picked startups in th
raw-0212,2026-09-17,The Muse API,JPMorgan Chase,"Associate Banker, 30 Hours, Cheyenne, WY - Dell Range District Branch",Product & Project Management,Unknown,Unspecified,"Cheyenne, WY",external,Operations,Unknown; Mid Level,57334,82506,69920,81.7,38,30.3,136,https://www.themuse.com/jobs/jpmorganchase/associate-banker-30-hours-cheyenne-wy-dell-range-district-branch,"At Chase, we are passionate about creating memorable experiences for our clients and employees, making them feel welcomed, valued, and understood. We build lasting relationships by doing the right thing, exceeding expect"
raw-0213,2026-09-17,Remotive API,Lemon.io,Senior .NET Full-stack Developer,Data & AI,Software Development,Senior/Lead,"Northern America, LATAM, Europe, APAC",full_time,Project Management; Data Engineering; Data Science; Marketplace; JavaScript; TypeScript; Automation; Full Stack; WordPress; Node.js; Android; Startup,.Net; android; C; C#; C++; data science; fullstack; golang; ios; java; javascript; node.js; php; python; react; ruby/rails; scala; shopify; swift; UI/UX; wordpress; blockchain; AI/ML; automation; project management; react native; rust; unity; electron; spring; laravel; Ethereum; graphic design; Typescript; angular; firebase; data engineering; Site Reliability; Symfony; startup; marketplace; next.js; flutter,94095,135405,114750,46.2,69,47.7,95,https://remotive.com/remote-jobs/software-development/senior-net-full-stack-developer-2091130,Are you a talented Senior Developer looking for a remote job that lets you show your skills and get decent compensation? Look no further than Lemon.io — the marketplace that connects you with hand-picked startups in the 
raw-0214,2026-09-17,The Muse API,Rentokil Terminix,Food Safety Specialist,Marketing & Growth,Food and Hospitality Services,Unspecified,"Portland, ME",external,Communication,Food and Hospitality Services; Mid Level,45264,65136,55200,64.9,38,30.3,136,https://www.themuse.com/jobs/rentokilterminix/food-safety-specialist-f3b5c9,"Benefits Start Day 1 for Full-Time Colleagues - No Waiting Period! For more information about our benefits, see below! We are proud to be a member of the Rentokil family of companies, the global leader in Pest Control an"
raw-0215,2026-09-16,The Muse API,JPMorgan Chase,Risk Management - Market Risk Coverage Lead -Vice President,Data & AI,Management,Senior/Lead,"New York, NY",external,Risk Management; Communication; Research; Testing; Excel,Management; Senior Level,94095,135405,114750,50.1,53,40.8,116,https://www.themuse.com/jobs/jpmorganchase/risk-management-market-risk-coverage-lead-vice-president-0c07f7,"Bring your Expertise to JPMorganChase. As part of Risk Management and Compliance, you are at the center of keeping JPMorganChase strong and resilient. You help the firm grow its business in a responsible way by anticipat"
raw-0216,2026-09-16,Remotive API,Lemon.io,Senior Data Scientist,Data & AI,Data and Analytics,Senior/Lead,"Northern America, LATAM, Europe, APAC",full_time,Product Management; Project Management; Data Engineering; Data Analysis; Marketplace; JavaScript; TypeScript; Automation; WordPress; Node.js; Android; Startup,.Net; android; C; C#; C++; golang; ios; java; javascript; node.js; php; python; react; ruby/rails; scala; shopify; swift; UI/UX; wordpress; blockchain; AI/ML; automation; project management; react native; rust; product management; unity; electron; spring; data analysis; laravel; Ethereum; graphic design; Typescript; angular; firebase; data engineering; Site Reliability; Symfony; startup; marketplace; next.js; flutter,94095,135405,114750,45.6,61,44.2,106,https://remotive.com/remote-jobs/data/senior-data-scientist-2091129,Are you a talented Senior Data Scientist looking for a remote job that lets you show your skills and get decent compensation? Look no further than Lemon.io — the marketplace that connects you with hand-picked startups in
raw-0217,2026-09-16,Remotive API,A.Team,Senior Independent Software Developer,Software & Engineering,Software Development,Senior/Lead,"Americas, Europe, Israel",contract,WordPress; Testing; Go; HR,go; wordpress; chat; apple; testing; catalyst,97416,140184,118800,45,48,38.6,123,https://remotive.com/remote-jobs/software-development/senior-independent-software-developer-1919265,"You must be located in the Americas, Europe, or Israel to apply. A·Team is a VC-backed, stealth, application-only home on the internet for senior independent software builders to team up with hand-picked, high-growth com"
raw-0218,2026-09-16,Remotive API,A.Team,Senior Independent AI Engineer / Architect,Data & AI,Software Development,Senior/Lead,"Americas, Europe, Israel",contract,WordPress; Testing; UI/UX; Go; Machine Learning; AI; HR,go; UI/UX; wordpress; chat; apple; testing; catalyst,94095,135405,114750,53.1,61,44.2,106,https://remotive.com/remote-jobs/software-development/senior-independent-ai-engineer-architect-1919266,"Senior Independent AI Engineer / Architect Remote | Americas, Europe, or Israel Most AI engineers can find work. Finding work worth doing is harder. A.Team is an invite-only network of senior AI engineers, ML engineers, "
raw-0219,2026-09-14,Remotive API,Mitre Media,Tech Lead Full-Stack Rails Engineer,Data & AI,Software Development,Senior/Lead,"USA, Canada, USA timezones",full_time,Advertising; Kubernetes; JavaScript; Full Stack; Docker; AI/ML; React; Java; SQL; NLP; Git; API,api; CSS; docker; elasticsearch; fullstack; html; javascript; kubernetes; postgresql; react; ror; ruby/rails; AI/ML; CAD; advertising; Redis; ES6; web applications; MySQL; NLP; fintech; Micro services; github; system architecture,94095,135405,114750,44.4,77,51.1,85,https://remotive.com/remote-jobs/software-development/tech-lead-full-stack-rails-engineer-2069746,"About Mitre Media Mitre Media is redefining FinTech with AI-driven tools that empower millions of investors. Our portfolio, including Dividend.com and MutualFunds.com, leverages LLMs to deliver novel data insights and vi"
raw-0220,2026-09-13,The Muse API,"The TJX Companies, Inc.",Merchandise Coordinator,Marketing & Growth,Retail,Unspecified,"Cumberland, ME",external,AI; Communication; Sales,Retail; Mid Level,45264,65136,55200,79.9,38,30.3,136,https://www.themuse.com/jobs/thetjxcompaniesinc/merchandise-coordinator-08ebe5,"Marshalls At TJX Companies, every day brings new opportunities for growth, exploration, and achievement. You'll be part of our vibrant team that embraces diversity, fosters collaboration, and prioritizes your development"
raw-0221,2026-09-13,The Muse API,Infosys,Principal SAP ATTP Consultant,Software & Engineering,Software Engineering,Senior/Lead,"Calgary, Canada",external,Operations; Security; Design; ERP; SAP,Software Engineering; Senior Level,97416,140184,118800,58.3,56,42.1,112,https://www.themuse.com/jobs/infosys/principal-sap-attp-consultant,"Infosys is hiring for Principal SAP ATTP Consultant Required Qualifications: Candidate must be located within commuting distance of Mississauga , Canada or be willing to relocate to the area. This position may require tr"
raw-0222,2026-09-12,The Muse API,General Motors,Senior Systems Engineer - Autonomy Behavior,Software & Engineering,Software Engineering,Senior/Lead,"Sunnyvale, CA",external,Data Analysis; Communication; Automation; Testing; Python,Software Engineering; Senior Level,97416,140184,118800,51.2,56,42.1,112,https://www.themuse.com/jobs/generalmotors/senior-systems-engineer-autonomy-behavior,"Description Senior Systems Engineer - Autonomy Behavior The Role As a Senior Autonomy Behavior Systems Engineer, you will help define and validate how an autonomous vehicle behaves in the real world. You will own one or "
raw-0223,2026-09-12,The Muse API,Jabil,Production Supervisor,Software & Engineering,Business Operations,Unspecified,"Colonial Heights, VA",external,Operations; Onboarding; Startup,Business Operations; Mid Level,66387,95533,80960,62.8,38,30.3,136,https://www.themuse.com/jobs/jabil/production-supervisor-516f2b,"At Jabil (NYSE: JBL), we are proud to be a trusted partner for the world's top brands, offering comprehensive engineering, supply chain, and manufacturing solutions. With 60 years of experience across industries and a va"
raw-0224,2026-09-12,The Muse API,PNC,Financial Advisor - PNC Wealth Management,Cybersecurity & IT,Management,Unspecified,"Boca Raton, FL",external,Sales,Management; Mid Level,60352,86848,73600,71.1,43,32.5,129,https://www.themuse.com/jobs/pnc/financial-advisor-pnc-wealth-management-e93712,"Position Overview At PNC, our people are our greatest differentiator and competitive advantage in the markets we serve. We are all united in delivering the best experience for our customers. We work together each day to "
raw-0225,2026-09-11,Remotive API,Coalition Technologies,Remote Office Assistant,Software & Engineering,Marketing,Unspecified,Worldwide,full_time,WordPress; Frontend; Startup; Shopify; Excel; SQL; Git; Data Analysis; Communication; Accounting; Operations,CSS; excel; frontend; git; html; illustrator; magento; photoshop; php; shopify; wordpress; MySQL; startup; responsive; themes; bootstrap; insurance; jQuery; Ajax,66387,95533,80960,47.8,38,30.3,136,https://remotive.com/remote-jobs/marketing/remote-office-assistant-1680495,"Coalition Technologies is seeking a reliable, detail-oriented, and highly organized Remote Office Assistant to support administrative, bookkeeping, billing, reporting, data entry, and internal operations tasks. This role"
raw-0226,2026-09-11,Remotive API,iMerit Technology,AI Response Evaluator,Data & AI,Artificial Intelligence,Unspecified,"France, Japan, Turkey, Vietnam, Mexico, Norway",freelance,Research; AI/ML; AI,AI/ML; research; SOLID,64124,92276,78200,64.6,51,35.9,119,https://remotive.com/remote-jobs/artificial-intelligence/ai-response-evaluator-2091126,"iMerit is looking for detail oriented analysts to evaluate and rank AI generated responses to image based prompts. You will judge answers on accuracy, relevance, clarity, conciseness, safety, localization, and how well t"
raw-0227,2026-09-09,The Muse API,Mattel,Packaging Engineer,Software & Engineering,Science and Engineering,Unspecified,"Shenzhen, China",external,Communication; Testing; Design; AI,Science and Engineering; Mid Level,66387,95533,80960,69.8,38,30.3,136,https://www.themuse.com/jobs/mattel/packaging-engineer-7d203c,"Company Description CREATIVITY IS OUR SUPERPOWER. &nbsp;It’s our heritage and it’s also our future. Because we don’t just make toys. We create innovative products and experiences that inspire fans, entertain audiences an"
raw-0228,2026-09-08,Remotive API,"Credit Wellness, LLC",Inside Sales Contractor,Software & Engineering,Sales,Unspecified,Worldwide,full_time,Sales; CRM; Go,CRM; google sheets; financial services; Inside Sales,66387,95533,80960,50.9,38,30.3,136,https://remotive.com/remote-jobs/sales/inside-sales-contractor-2086540,About Us We are a financial services start up focusing on helping to improve consumer credit profiles. We are currently seeking KPI driven sales representatives looking to earn up to 45K in their first year while working
raw-0229,2026-09-07,Remotive API,Unio Digital,Tier III Service Desk Engineer,Software & Engineering,Information Technology,Unspecified,Worldwide,full_time,Onboarding; Security; Azure; Video Editing; Customer Service; Communication,azure; cisco; security; video; documentation; hardware; helpdesk; onboarding; MSP; ticketing; Microsoft 365; IT systems,66387,95533,80960,48.2,54,37.2,115,https://remotive.com/remote-jobs/information-technology/tier-iii-service-desk-engineer-2091045,"Unió Digital is an Arizona-based managed service provider (MSP) delivering Managed IT Services, Low Voltage Cabling, Access Control, Video Surveillance, and Intrusion Services. We believe technology should be intuitive, "
raw-0230,2026-09-04,Remotive API,IAPWE,Freelance Writer,Marketing & Growth,Writing,Unspecified,Worldwide,freelance,REST; Communication; Finance,REST,45264,65136,55200,53.7,38,30.3,136,https://remotive.com/remote-jobs/writing/freelance-writer-1185979,Our organization is seeking content writers to create articles and blog posts on a variety of topics. The rate of pay is $20 per 100 words (this comes out to approximately $100 per article or $50 per hour). Some topics y
raw-0231,2026-09-02,Remotive API,Coalition Technologies,Freelance Copywriter,Software & Engineering,Writing,Unspecified,Worldwide,freelance,Data Analysis; Accounting; Research; Excel; Go; Advertising; Finance; Editing; SEO,accounting; excel; research; data analysis; bookkeeping; google sheets; quickbooks; data entry; insurance; G Suite,66387,95533,80960,40.6,38,30.3,136,https://remotive.com/remote-jobs/writing/freelance-copywriter-1749306,"CT Marketing Agency is seeking skilled Freelance Copywriters to write high-quality, SEO-driven content for eCommerce and lead generation websites. This is a freelance, project-based writing role. The ideal candidate has "
raw-0232,2026-08-14,The Muse API,TikTok,Senior Machine Learning Engineer - E-commerce Merchant and Creator Growth,Data & AI,Data and Analytics,Senior/Lead,"Seattle, WA",external,Machine Learning; Data Science; Marketplace; Python; Spark; SQL,Data and Analytics; Senior Level,94095,135405,114750,34.1,69,47.7,95,https://www.themuse.com/jobs/tiktok/senior-machine-learning-engineer-ecommerce-merchant-and-creator-growth,"Responsibilities Our Team Supply Side Algorithms Our team is committed to expanding the number of merchants and creators on TikTok Shop, as well as providing them with comprehensive support to foster growth within the Ti"
raw-0233,2026-08-12,The Muse API,Epic Insurance Brokers and Consultants,Assistant Account Manager (P&C),Marketing & Growth,Account Management,Senior/Lead,"Duluth, GA",external,Operations; Finance; Sales,Account Management; Mid Level,66420,95580,81000,59.6,48,38.6,123,https://www.themuse.com/jobs/epicinsurancebrokersandconsultants/assistant-account-manager-pc-2e529a,"Come join our team! There are many reasons why EPIC Insurance Brokers &amp; Consultants has become one of the fastest-growing firms in the insurance industry. Fueled and driven by capable, committed people who share comm"
raw-0234,2026-08-12,Arbeitnow API,Preiswecker,Software Engineer,Software & Engineering,Software Engineering,Unspecified,Berlin,Full-time,Backend; Testing; Design; CI/CD,Software Engineering; E-Commerce,66387,95533,80960,39.5,46,33.8,125,https://www.preiswecker.com/,"Preiswecker is a price comparison portal in Germany, helping thousands of users find the best deals online every day. We are looking for a Software Engineer to join our team and help build our price comparison platform. "
raw-0235,2026-08-03,The Muse API,Schneider Electric,IT Solutions & Services Sales (High Tech) - Senior Professional,Software & Engineering,Computer and IT,Senior/Lead,"Gurgaon, India",external,Sales,Computer and IT; Senior Level,97416,140184,118800,55.8,48,38.6,123,https://www.themuse.com/jobs/schneiderelectric/it-solutions-services-sales-high-tech-senior-professional,Join us as a Senior Digital / Software Solution Sales Representative and help organizations unlock the power of digital transformation. This role is perfect for a consultative seller who loves building tailored solutions
